{
  "type": "FeatureCollection",
  "generator": "overpass-turbo",
  "copyright": "The data included in this document is from www.openstreetmap.org. The data is made available under ODbL.",
  "timestamp": "2026-08-25T12:47:51Z",
  "features": [
    {
      "type": "Feature",
      "properties": {
        "@id": "node/257532623",
        "amenity": "restaurant",
        "name": "The Great Kabab Factory"
      },
      "geometry": {
        "type": "Point",
        "coordinates": [
          80.1874068,
          12.9946821
        ]
      },
      "id": "node/257532623"
    },
    {
      "type": "Feature",
      "properties": {
        "@id": "node/301725737",
        "amenity": "restaurant",
        "name": "Tangerine"
      },
      "geometry": {
        "type": "Point",
        "coordinates": [
          80.2556216,
          13.0392554
        ]
      },
      "id": "node/301725737"
    },
    {
      "type": "Feature",
      "properties": {
        "@id": "node/301725738",
        "amenity": "restaurant",
        "name": "Ente Keralam"
      },
      "geometry": {
        "type": "Point",
        "coordinates": [
          80.2558968,
          13.0421141
        ]
      },
      "id": "node/301725738"
    },
    {
      "type": "Feature",
      "properties": {
        "@id": "node/301725751",
        "amenity": "restaurant",
        "created_by": "Potlatch 0.10f",
        "name": "Suriyas"
      },
      "geometry": {
        "type": "Point",
        "coordinates": [
          80.2566708,
          13.0383186
        ]
      },
      "id": "node/301725751"
    },
    {
      "type": "Feature",
      "properties": {
        "@id": "node/301738570",
        "amenity": "restaurant",
        "created_by": "Potlatch 0.10d",
        "name": "Ananda"
      },
      "geometry": {
        "type": "Point",
        "coordinates": [
          80.247219,
          13.0391641
        ]
      },
      "id": "node/301738570"
    },
    {
      "type": "Feature",
      "properties": {
        "@id": "node/301816128",
        "amenity": "restaurant",
        "created_by": "Potlatch 0.10f",
        "name": "Midnight Express"
      },
      "geometry": {
        "type": "Point",
        "coordinates": [
          80.2586973,
          13.0409358
        ]
      },
      "id": "node/301816128"
    },
    {
      "type": "Feature",
      "properties": {
        "@id": "node/321504330",
        "amenity": "restaurant",
        "brand": "Pizza Hut",
        "brand:wikidata": "Q191615",
        "cuisine": "pizza",
        "food": "non-veg",
        "name": "Pizza Hut",
        "opening_hours": "11:00-23:00"
      },
      "geometry": {
        "type": "Point",
        "coordinates": [
          80.251822,
          13.0055904
        ]
      },
      "id": "node/321504330"
    },
    {
      "type": "Feature",
      "properties": {
        "@id": "node/321506493",
        "amenity": "cafe",
        "brand": "Cafe Coffee Day",
        "brand:wikidata": "Q5017235",
        "cuisine": "coffee_shop",
        "name": "Cafe Coffee Day",
        "takeaway": "yes"
      },
      "geometry": {
        "type": "Point",
        "coordinates": [
          80.2518509,
          12.9998739
        ]
      },
      "id": "node/321506493"
    },
    {
      "type": "Feature",
      "properties": {
        "@id": "node/325783941",
        "amenity": "restaurant",
        "cuisine": "indian",
        "name": "ECR Dhaba"
      },
      "geometry": {
        "type": "Point",
        "coordinates": [
          80.2420745,
          12.799447
        ]
      },
      "id": "node/325783941"
    },
    {
      "type": "Feature",
      "properties": {
        "@id": "node/325787882",
        "amenity": "restaurant",
        "cuisine": "indian",
        "food": "non-veg",
        "name": "Basera"
      },
      "geometry": {
        "type": "Point",
        "coordinates": [
          80.2517763,
          12.9329807
        ]
      },
      "id": "node/325787882"
    },
    {
      "type": "Feature",
      "properties": {
        "@id": "node/330775561",
        "amenity": "restaurant",
        "name": "Ladies Mess"
      },
      "geometry": {
        "type": "Point",
        "coordinates": [
          80.2422869,
          12.9875968
        ]
      },
      "id": "node/330775561"
    },
    {
      "type": "Feature",
      "properties": {
        "@id": "node/332065787",
        "amenity": "restaurant",
        "food": "veg",
        "name": "Maami's Mess"
      },
      "geometry": {
        "type": "Point",
        "coordinates": [
          80.2704268,
          13.0324107
        ]
      },
      "id": "node/332065787"
    },
    {
      "type": "Feature",
      "properties": {
        "@id": "node/332065792",
        "amenity": "restaurant",
        "food": "veg",
        "name": "Mayilai Sri Karpagambal Mess"
      },
      "geometry": {
        "type": "Point",
        "coordinates": [
          80.2712197,
          13.0327388
        ]
      },
      "id": "node/332065792"
    },
    {
      "type": "Feature",
      "properties": {
        "@id": "node/332065806",
        "amenity": "restaurant",
        "check_date": "2026-04-05",
        "cuisine": "chinese;indian",
        "food": "veg",
        "level": "0",
        "name": "Sangeetha Veg Restaurant",
        "panoramax": "f0c1daa5-7d84-4447-b4a8-3d151df2be0f",
        "self_service": "yes",
        "website": "https://www.sangeethaveg.com",
        "wheelchair": "no"
      },
      "geometry": {
        "type": "Point",
        "coordinates": [
          80.2676459,
          13.0323689
        ]
      },
      "id": "node/332065806"
    },
    {
      "type": "Feature",
      "properties": {
        "@id": "node/332065818",
        "amenity": "restaurant",
        "check_date": "2024-05-22",
        "name": "Vasantha Bhavan",
        "name:en": "Vasantha Bhavan"
      },
      "geometry": {
        "type": "Point",
        "coordinates": [
          80.2685043,
          13.0322517
        ]
      },
      "id": "node/332065818"
    },
    {
      "type": "Feature",
      "properties": {
        "@id": "node/332065830",
        "addr:city": "Chennai",
        "addr:postcode": "600004",
        "addr:street": "RK Mutt Road",
        "alt_name": "A2B",
        "amenity": "restaurant",
        "brand": "Adyar Ananda Bhavan",
        "brand:wikidata": "Q15178238",
        "brand:wikipedia": "en:Adyar Ananda Bhavan",
        "building": "apartments",
        "check_date": "2024-05-22",
        "cuisine": "regional",
        "diet:vegetarian": "only",
        "email": "info@aabsweets.com",
        "internet_access": "no",
        "name": "Adyar Ananda Bhavan",
        "name:en": "Adyar Ananda Bhavan",
        "operator": "Adyar Ananda Bhavan",
        "payment:cash": "yes",
        "payment:credit_cards": "yes",
        "payment:debit_cards": "yes",
        "phone": "+91 44 2345 3031",
        "shop": "confectionery",
        "smoking": "no",
        "website": "https://aabsweets.com"
      },
      "geometry": {
        "type": "Point",
        "coordinates": [
          80.2677522,
          13.0340003
        ]
      },
      "id": "node/332065830"
    },
    {
      "type": "Feature",
      "properties": {
        "@id": "node/332066407",
        "amenity": "restaurant",
        "created_by": "Potlatch 0.10f",
        "name": "Rayer Mess"
      },
      "geometry": {
        "type": "Point",
        "coordinates": [
          80.273014,
          13.0355223
        ]
      },
      "id": "node/332066407"
    },
    {
      "type": "Feature",
      "properties": {
        "@id": "node/339120850",
        "amenity": "restaurant",
        "created_by": "Potlatch 0.10f",
        "name": "Benjarong"
      },
      "geometry": {
        "type": "Point",
        "coordinates": [
          80.2513502,
          13.0313113
        ]
      },
      "id": "node/339120850"
    },
    {
      "type": "Feature",
      "properties": {
        "@id": "node/339125302",
        "amenity": "restaurant",
        "created_by": "Potlatch 0.10f",
        "name": "Okadeys"
      },
      "geometry": {
        "type": "Point",
        "coordinates": [
          80.2567668,
          13.0384527
        ]
      },
      "id": "node/339125302"
    },
    {
      "type": "Feature",
      "properties": {
        "@id": "node/339129986",
        "amenity": "restaurant",
        "name": "Amaravati",
        "name:hi": "अमरावती",
        "name:pa": "ਅਮਰਾਵਤੀ"
      },
      "geometry": {
        "type": "Point",
        "coordinates": [
          80.2592552,
          13.0451417
        ]
      },
      "id": "node/339129986"
    },
    {
      "type": "Feature",
      "properties": {
        "@id": "node/339130052",
        "amenity": "restaurant",
        "created_by": "Potlatch 0.10f",
        "name": "Kalpaka"
      },
      "geometry": {
        "type": "Point",
        "coordinates": [
          80.2605083,
          13.0468725
        ]
      },
      "id": "node/339130052"
    },
    {
      "type": "Feature",
      "properties": {
        "@id": "node/339280986",
        "amenity": "restaurant",
        "created_by": "Potlatch 0.10f",
        "name": "Madras Cafe"
      },
      "geometry": {
        "type": "Point",
        "coordinates": [
          80.2043612,
          13.0008164
        ]
      },
      "id": "node/339280986"
    },
    {
      "type": "Feature",
      "properties": {
        "@id": "node/343298745",
        "addr:city": "Chennai",
        "addr:postcode": "600020",
        "addr:street": "Mahatma Gandhi Rd",
        "alt_name": "A2B",
        "amenity": "restaurant",
        "brand": "Adyar Ananda Bhavan",
        "brand:wikidata": "Q15178238",
        "cuisine": "regional",
        "delivery": "yes",
        "diet:vegetarian": "only",
        "food": "veg",
        "name": "Adyar Ananda Bhavan",
        "name:en": "A2B - Adyar Ananda Bhavan",
        "operator": "Adyar Ananda Bhavan",
        "phone": "+91 44 52151544",
        "shop": "confectionery",
        "smoking": "no",
        "takeaway": "yes",
        "website": "https://www.aabsweets.in"
      },
      "geometry": {
        "type": "Point",
        "coordinates": [
          80.2582413,
          12.9968115
        ]
      },
      "id": "node/343298745"
    },
    {
      "type": "Feature",
      "properties": {
        "@id": "node/344405874",
        "amenity": "restaurant",
        "name": "Little Italy"
      },
      "geometry": {
        "type": "Point",
        "coordinates": [
          80.2475712,
          13.0609985
        ]
      },
      "id": "node/344405874"
    },
    {
      "type": "Feature",
      "properties": {
        "@id": "node/344408914",
        "amenity": "restaurant",
        "brand": "Pizza Hut",
        "brand:wikidata": "Q191615",
        "brand:wikipedia": "en:Pizza Hut",
        "cuisine": "pizza",
        "name": "Pizza Hut"
      },
      "geometry": {
        "type": "Point",
        "coordinates": [
          80.2432841,
          13.065426
        ]
      },
      "id": "node/344408914"
    },
    {
      "type": "Feature",
      "properties": {
        "@id": "node/344408915",
        "amenity": "restaurant",
        "name": "Mainland China"
      },
      "geometry": {
        "type": "Point",
        "coordinates": [
          80.2421706,
          13.0659169
        ]
      },
      "id": "node/344408915"
    },
    {
      "type": "Feature",
      "properties": {
        "@id": "node/347444724",
        "amenity": "restaurant",
        "name": "Novelty",
        "opening_hours": "PH,Mo-Su 12:00-22:30"
      },
      "geometry": {
        "type": "Point",
        "coordinates": [
          80.2790177,
          13.0889622
        ]
      },
      "id": "node/347444724"
    },
    {
      "type": "Feature",
      "properties": {
        "@id": "node/347444889",
        "amenity": "restaurant",
        "fixme": "not found",
        "name": "Annapurna"
      },
      "geometry": {
        "type": "Point",
        "coordinates": [
          80.2626235,
          13.0747305
        ]
      },
      "id": "node/347444889"
    },
    {
      "type": "Feature",
      "properties": {
        "@id": "node/353206130",
        "amenity": "restaurant",
        "created_by": "Potlatch 0.10f",
        "name": "Barbecue Nation"
      },
      "geometry": {
        "type": "Point",
        "coordinates": [
          80.2331563,
          13.0454388
        ]
      },
      "id": "node/353206130"
    },
    {
      "type": "Feature",
      "properties": {
        "@id": "node/353977800",
        "amenity": "restaurant",
        "created_by": "Potlatch 0.10f",
        "name": "Sparkys Diner"
      },
      "geometry": {
        "type": "Point",
        "coordinates": [
          80.2526113,
          13.0729298
        ]
      },
      "id": "node/353977800"
    },
    {
      "type": "Feature",
      "properties": {
        "@id": "node/354959926",
        "amenity": "restaurant",
        "created_by": "Potlatch 0.10f",
        "name": "Maharaja"
      },
      "geometry": {
        "type": "Point",
        "coordinates": [
          80.2739101,
          13.0633479
        ]
      },
      "id": "node/354959926"
    },
    {
      "type": "Feature",
      "properties": {
        "@id": "node/357189520",
        "amenity": "restaurant",
        "name": "Don Pepe, Copper Chimney"
      },
      "geometry": {
        "type": "Point",
        "coordinates": [
          80.258173,
          13.0458581
        ]
      },
      "id": "node/357189520"
    },
    {
      "type": "Feature",
      "properties": {
        "@id": "node/358910747",
        "amenity": "restaurant",
        "created_by": "Potlatch 0.10f",
        "name": "Paneer soda shop"
      },
      "geometry": {
        "type": "Point",
        "coordinates": [
          80.2709135,
          13.0322882
        ]
      },
      "id": "node/358910747"
    },
    {
      "type": "Feature",
      "properties": {
        "@id": "node/359289706",
        "amenity": "restaurant",
        "name": "Corner Juice Shop"
      },
      "geometry": {
        "type": "Point",
        "coordinates": [
          80.2569388,
          13.0333788
        ]
      },
      "id": "node/359289706"
    },
    {
      "type": "Feature",
      "properties": {
        "@id": "node/360806894",
        "amenity": "restaurant",
        "created_by": "Potlatch 0.10f",
        "name": "Wangs Kitchen"
      },
      "geometry": {
        "type": "Point",
        "coordinates": [
          80.2481523,
          13.0610272
        ]
      },
      "id": "node/360806894"
    },
    {
      "type": "Feature",
      "properties": {
        "@id": "node/361176093",
        "amenity": "restaurant",
        "created_by": "Potlatch 0.10f",
        "name": "Casa Picola"
      },
      "geometry": {
        "type": "Point",
        "coordinates": [
          80.2512477,
          13.0607599
        ]
      },
      "id": "node/361176093"
    },
    {
      "type": "Feature",
      "properties": {
        "@id": "node/361176408",
        "amenity": "cafe",
        "brand": "Barista",
        "brand:wikidata": "Q644735",
        "brand:wikipedia": "en:Barista (company)",
        "cuisine": "coffee_shop",
        "name": "Barista",
        "takeaway": "yes"
      },
      "geometry": {
        "type": "Point",
        "coordinates": [
          80.2509829,
          13.0607136
        ]
      },
      "id": "node/361176408"
    },
    {
      "type": "Feature",
      "properties": {
        "@id": "node/363704809",
        "amenity": "restaurant",
        "name": "US Pizza"
      },
      "geometry": {
        "type": "Point",
        "coordinates": [
          80.2553943,
          13.0368042
        ]
      },
      "id": "node/363704809"
    },
    {
      "type": "Feature",
      "properties": {
        "@id": "node/364119253",
        "amenity": "restaurant",
        "created_by": "Potlatch 0.10f",
        "name": "The Wanton"
      },
      "geometry": {
        "type": "Point",
        "coordinates": [
          80.2547014,
          13.0308675
        ]
      },
      "id": "node/364119253"
    },
    {
      "type": "Feature",
      "properties": {
        "@id": "node/365269904",
        "amenity": "restaurant",
        "name": "Bombay Halwa House",
        "wheelchair": "no"
      },
      "geometry": {
        "type": "Point",
        "coordinates": [
          80.2674307,
          13.0383754
        ]
      },
      "id": "node/365269904"
    },
    {
      "type": "Feature",
      "properties": {
        "@id": "node/365351250",
        "amenity": "restaurant",
        "cuisine": "Vegetarian, International (South Indian incl. )",
        "description": "Authentic Food. Affordable. Try French Onion Soup on Tuesdays",
        "name": "Mathsya",
        "opening_hours": "Mo-Su 07:00-22:00, 07:00-01:30"
      },
      "geometry": {
        "type": "Point",
        "coordinates": [
          80.2581673,
          13.0750359
        ]
      },
      "id": "node/365351250"
    },
    {
      "type": "Feature",
      "properties": {
        "@id": "node/365975754",
        "amenity": "restaurant"
      },
      "geometry": {
        "type": "Point",
        "coordinates": [
          80.2467821,
          13.0342752
        ]
      },
      "id": "node/365975754"
    },
    {
      "type": "Feature",
      "properties": {
        "@id": "node/366073581",
        "amenity": "restaurant",
        "check_date": "2026-04-20",
        "food": "veg",
        "name": "Hotel Sangeetha"
      },
      "geometry": {
        "type": "Point",
        "coordinates": [
          80.2030731,
          13.0718703
        ]
      },
      "id": "node/366073581"
    },
    {
      "type": "Feature",
      "properties": {
        "@id": "node/366845051",
        "amenity": "restaurant",
        "created_by": "Potlatch 0.10f",
        "name": "Ajnabee Snacks"
      },
      "geometry": {
        "type": "Point",
        "coordinates": [
          80.2566293,
          13.0677438
        ]
      },
      "id": "node/366845051"
    },
    {
      "type": "Feature",
      "properties": {
        "@id": "node/366849874",
        "amenity": "restaurant",
        "created_by": "Potlatch 0.10f",
        "name": "Asli Punjabi Rasoi Ghar"
      },
      "geometry": {
        "type": "Point",
        "coordinates": [
          80.2589124,
          13.0650516
        ]
      },
      "id": "node/366849874"
    },
    {
      "type": "Feature",
      "properties": {
        "@id": "node/367869160",
        "amenity": "restaurant",
        "name": "Bombay Halwa House"
      },
      "geometry": {
        "type": "Point",
        "coordinates": [
          80.2717553,
          13.0688689
        ]
      },
      "id": "node/367869160"
    },
    {
      "type": "Feature",
      "properties": {
        "@id": "node/370317723",
        "amenity": "restaurant",
        "created_by": "Potlatch 0.10f",
        "name": "Noodle House"
      },
      "geometry": {
        "type": "Point",
        "coordinates": [
          80.2431296,
          13.0654928
        ]
      },
      "id": "node/370317723"
    },
    {
      "type": "Feature",
      "properties": {
        "@id": "node/370972611",
        "amenity": "restaurant",
        "name": "Dominoes Pizza"
      },
      "geometry": {
        "type": "Point",
        "coordinates": [
          80.1640666,
          13.0316532
        ]
      },
      "id": "node/370972611"
    },
    {
      "type": "Feature",
      "properties": {
        "@id": "node/378684857",
        "amenity": "restaurant",
        "cuisine": "chinese",
        "name": "Lemongrass"
      },
      "geometry": {
        "type": "Point",
        "coordinates": [
          80.253254,
          13.0287554
        ]
      },
      "id": "node/378684857"
    },
    {
      "type": "Feature",
      "properties": {
        "@id": "node/378684866",
        "amenity": "restaurant",
        "cuisine": "north_indian",
        "name": "Grains of Paradise"
      },
      "geometry": {
        "type": "Point",
        "coordinates": [
          80.2526956,
          13.0276871
        ]
      },
      "id": "node/378684866"
    },
    {
      "type": "Feature",
      "properties": {
        "@id": "node/378684871",
        "amenity": "cafe",
        "name": "Anokhi"
      },
      "geometry": {
        "type": "Point",
        "coordinates": [
          80.2503649,
          13.0285657
        ]
      },
      "id": "node/378684871"
    },
    {
      "type": "Feature",
      "properties": {
        "@id": "node/378688532",
        "amenity": "restaurant",
        "cuisine": "north_indian",
        "name": "Cream Centre"
      },
      "geometry": {
        "type": "Point",
        "coordinates": [
          80.2556765,
          13.026914
        ]
      },
      "id": "node/378688532"
    },
    {
      "type": "Feature",
      "properties": {
        "@id": "node/378688549",
        "amenity": "restaurant",
        "created_by": "Potlatch 0.10f",
        "cuisine": "korean",
        "name": "In Seoul"
      },
      "geometry": {
        "type": "Point",
        "coordinates": [
          80.2521158,
          13.0321755
        ]
      },
      "id": "node/378688549"
    },
    {
      "type": "Feature",
      "properties": {
        "@id": "node/378688574",
        "amenity": "restaurant",
        "name": "The Crown"
      },
      "geometry": {
        "type": "Point",
        "coordinates": [
          80.2437255,
          13.0403208
        ]
      },
      "id": "node/378688574"
    },
    {
      "type": "Feature",
      "properties": {
        "@id": "node/378688582",
        "amenity": "restaurant",
        "name": "Paprika"
      },
      "geometry": {
        "type": "Point",
        "coordinates": [
          80.2476349,
          13.0460421
        ]
      },
      "id": "node/378688582"
    },
    {
      "type": "Feature",
      "properties": {
        "@id": "node/378688585",
        "amenity": "restaurant",
        "name": "Aqua"
      },
      "geometry": {
        "type": "Point",
        "coordinates": [
          80.2500813,
          13.0529661
        ]
      },
      "id": "node/378688585"
    },
    {
      "type": "Feature",
      "properties": {
        "@id": "node/378688588",
        "amenity": "restaurant",
        "cuisine": "thai",
        "name": "Lotus"
      },
      "geometry": {
        "type": "Point",
        "coordinates": [
          80.2498533,
          13.0528789
        ]
      },
      "id": "node/378688588"
    },
    {
      "type": "Feature",
      "properties": {
        "@id": "node/378691598",
        "amenity": "restaurant",
        "created_by": "Potlatch 0.10f",
        "name": "Hip Asia"
      },
      "geometry": {
        "type": "Point",
        "coordinates": [
          80.2612723,
          13.0630743
        ]
      },
      "id": "node/378691598"
    },
    {
      "type": "Feature",
      "properties": {
        "@id": "node/378693534",
        "amenity": "restaurant",
        "cuisine": "japanese",
        "name": "Akasaka"
      },
      "geometry": {
        "type": "Point",
        "coordinates": [
          80.2556827,
          12.9881641
        ]
      },
      "id": "node/378693534"
    },
    {
      "type": "Feature",
      "properties": {
        "@id": "node/384700520",
        "amenity": "restaurant",
        "name": "Bombay Halwa House"
      },
      "geometry": {
        "type": "Point",
        "coordinates": [
          80.2449931,
          13.0851955
        ]
      },
      "id": "node/384700520"
    },
    {
      "type": "Feature",
      "properties": {
        "@id": "node/384700521",
        "amenity": "restaurant",
        "name": "Thaali Corner"
      },
      "geometry": {
        "type": "Point",
        "coordinates": [
          80.2447589,
          13.0851761
        ]
      },
      "id": "node/384700521"
    },
    {
      "type": "Feature",
      "properties": {
        "@id": "node/384726303",
        "amenity": "restaurant",
        "name": "Sri Sarvana Bhavan"
      },
      "geometry": {
        "type": "Point",
        "coordinates": [
          80.0944083,
          13.0510228
        ]
      },
      "id": "node/384726303"
    },
    {
      "type": "Feature",
      "properties": {
        "@id": "node/386002548",
        "amenity": "restaurant",
        "name": "Cornucopia"
      },
      "geometry": {
        "type": "Point",
        "coordinates": [
          80.2457033,
          13.0307571
        ]
      },
      "id": "node/386002548"
    },
    {
      "type": "Feature",
      "properties": {
        "@id": "node/386002549",
        "amenity": "restaurant",
        "name": "Dhaba Express"
      },
      "geometry": {
        "type": "Point",
        "coordinates": [
          80.2460431,
          13.0312456
        ]
      },
      "id": "node/386002549"
    },
    {
      "type": "Feature",
      "properties": {
        "@id": "node/386780832",
        "amenity": "cafe",
        "name": "Coffee Central"
      },
      "geometry": {
        "type": "Point",
        "coordinates": [
          80.2455216,
          13.0470673
        ]
      },
      "id": "node/386780832"
    },
    {
      "type": "Feature",
      "properties": {
        "@id": "node/386890406",
        "amenity": "restaurant",
        "created_by": "Potlatch 0.10f",
        "name": "Parvathi Bhavan"
      },
      "geometry": {
        "type": "Point",
        "coordinates": [
          80.2570003,
          13.0387921
        ]
      },
      "id": "node/386890406"
    },
    {
      "type": "Feature",
      "properties": {
        "@id": "node/391835427",
        "amenity": "restaurant",
        "name": "Cilantro"
      },
      "geometry": {
        "type": "Point",
        "coordinates": [
          80.2057624,
          13.0064035
        ]
      },
      "id": "node/391835427"
    },
    {
      "type": "Feature",
      "properties": {
        "@id": "node/391835432",
        "amenity": "restaurant",
        "cuisine": "north_indian",
        "name": "Navratna"
      },
      "geometry": {
        "type": "Point",
        "coordinates": [
          80.2057624,
          13.0062581
        ]
      },
      "id": "node/391835432"
    },
    {
      "type": "Feature",
      "properties": {
        "@id": "node/391835434",
        "amenity": "restaurant",
        "cuisine": "mediterranean",
        "name": "Kayal"
      },
      "geometry": {
        "type": "Point",
        "coordinates": [
          80.2057662,
          13.0061052
        ]
      },
      "id": "node/391835434"
    },
    {
      "type": "Feature",
      "properties": {
        "@id": "node/391835436",
        "amenity": "cafe",
        "name": "The Lobby Lounge"
      },
      "geometry": {
        "type": "Point",
        "coordinates": [
          80.2053411,
          13.0064818
        ]
      },
      "id": "node/391835436"
    },
    {
      "type": "Feature",
      "properties": {
        "@id": "node/393360402",
        "amenity": "restaurant",
        "name": "Makkhan Sweets"
      },
      "geometry": {
        "type": "Point",
        "coordinates": [
          80.2459839,
          13.0311615
        ]
      },
      "id": "node/393360402"
    },
    {
      "type": "Feature",
      "properties": {
        "@id": "node/415866031",
        "amenity": "restaurant",
        "name": "Food Village"
      },
      "geometry": {
        "type": "Point",
        "coordinates": [
          80.2521808,
          12.9278334
        ]
      },
      "id": "node/415866031"
    },
    {
      "type": "Feature",
      "properties": {
        "@id": "node/416852426",
        "amenity": "cafe",
        "name": "Qwikys"
      },
      "geometry": {
        "type": "Point",
        "coordinates": [
          80.2458097,
          12.9857701
        ]
      },
      "id": "node/416852426"
    },
    {
      "type": "Feature",
      "properties": {
        "@id": "node/416852438",
        "amenity": "restaurant",
        "brand": "Pizza Hut",
        "brand:wikidata": "Q191615",
        "cuisine": "pizza",
        "food": "non-veg",
        "name": "Pizza Hut"
      },
      "geometry": {
        "type": "Point",
        "coordinates": [
          80.2459383,
          12.9856448
        ]
      },
      "id": "node/416852438"
    },
    {
      "type": "Feature",
      "properties": {
        "@id": "node/417750163",
        "addr:street": "Elliots Beach Road",
        "amenity": "restaurant",
        "name": "By The Bay"
      },
      "geometry": {
        "type": "Point",
        "coordinates": [
          80.2712305,
          13.0012892
        ]
      },
      "id": "node/417750163"
    },
    {
      "type": "Feature",
      "properties": {
        "@id": "node/417750169",
        "amenity": "restaurant",
        "name": "Tasty Jones"
      },
      "geometry": {
        "type": "Point",
        "coordinates": [
          80.2706983,
          13.0010216
        ]
      },
      "id": "node/417750169"
    },
    {
      "type": "Feature",
      "properties": {
        "@id": "node/417750171",
        "amenity": "restaurant",
        "name": "Dhaba Express"
      },
      "geometry": {
        "type": "Point",
        "coordinates": [
          80.2704376,
          13.0007325
        ]
      },
      "id": "node/417750171"
    },
    {
      "type": "Feature",
      "properties": {
        "@id": "node/417750314",
        "amenity": "restaurant",
        "name": "Hotel Balaji"
      },
      "geometry": {
        "type": "Point",
        "coordinates": [
          80.2662523,
          13.00057
        ]
      },
      "id": "node/417750314"
    },
    {
      "type": "Feature",
      "properties": {
        "@id": "node/417750979",
        "amenity": "restaurant",
        "name": "Eden",
        "toilets:wheelchair": "no",
        "wheelchair": "no"
      },
      "geometry": {
        "type": "Point",
        "coordinates": [
          80.2679346,
          12.9970909
        ]
      },
      "id": "node/417750979"
    },
    {
      "type": "Feature",
      "properties": {
        "@id": "node/417773828",
        "amenity": "cafe",
        "brand": "Cafe Coffee Day",
        "brand:wikidata": "Q5017235",
        "cuisine": "coffee_shop",
        "name": "Cafe Coffee Day",
        "takeaway": "yes"
      },
      "geometry": {
        "type": "Point",
        "coordinates": [
          80.2696481,
          13.0008239
        ]
      },
      "id": "node/417773828"
    },
    {
      "type": "Feature",
      "properties": {
        "@id": "node/454196956",
        "amenity": "restaurant",
        "is_in": "Sri Venkateswara College of Engineering - SVCE",
        "name": "Cefetaria"
      },
      "geometry": {
        "type": "Point",
        "coordinates": [
          79.972295,
          12.9864771
        ]
      },
      "id": "node/454196956"
    },
    {
      "type": "Feature",
      "properties": {
        "@id": "node/454197438",
        "amenity": "restaurant",
        "is_in": "Sri Venkateswara College of Engineering - SVCE",
        "name": "Mens Mess"
      },
      "geometry": {
        "type": "Point",
        "coordinates": [
          79.9698317,
          12.9884509
        ]
      },
      "id": "node/454197438"
    },
    {
      "type": "Feature",
      "properties": {
        "@id": "node/454197488",
        "amenity": "restaurant",
        "is_in": "Sri Venkateswara College of Engineering - SVCE",
        "name": "Ladies Mess"
      },
      "geometry": {
        "type": "Point",
        "coordinates": [
          79.9690249,
          12.9871629
        ]
      },
      "id": "node/454197488"
    },
    {
      "type": "Feature",
      "properties": {
        "@id": "node/459814471",
        "amenity": "restaurant",
        "food": "veg",
        "name": "Vasantha Bhavan Nama veedu"
      },
      "geometry": {
        "type": "Point",
        "coordinates": [
          80.207616,
          13.0492377
        ]
      },
      "id": "node/459814471"
    },
    {
      "type": "Feature",
      "properties": {
        "@id": "node/473397850",
        "amenity": "restaurant",
        "name": "Hotel Runs"
      },
      "geometry": {
        "type": "Point",
        "coordinates": [
          80.2548775,
          13.00636
        ]
      },
      "id": "node/473397850"
    },
    {
      "type": "Feature",
      "properties": {
        "@id": "node/560177568",
        "amenity": "restaurant",
        "name": "muniyandi"
      },
      "geometry": {
        "type": "Point",
        "coordinates": [
          80.1382285,
          12.9462009
        ]
      },
      "id": "node/560177568"
    },
    {
      "type": "Feature",
      "properties": {
        "@id": "node/560603705",
        "amenity": "restaurant",
        "cuisine": "indian",
        "name": "Ganesh mess"
      },
      "geometry": {
        "type": "Point",
        "coordinates": [
          80.1382225,
          12.9457209
        ]
      },
      "id": "node/560603705"
    },
    {
      "type": "Feature",
      "properties": {
        "@id": "node/560636420",
        "amenity": "restaurant",
        "name": "lakshmi"
      },
      "geometry": {
        "type": "Point",
        "coordinates": [
          80.1382245,
          12.9460679
        ]
      },
      "id": "node/560636420"
    },
    {
      "type": "Feature",
      "properties": {
        "@id": "node/577319935",
        "amenity": "restaurant",
        "food": "non-veg",
        "name": "TOPSEE"
      },
      "geometry": {
        "type": "Point",
        "coordinates": [
          80.2563991,
          12.9986633
        ]
      },
      "id": "node/577319935"
    },
    {
      "type": "Feature",
      "properties": {
        "@id": "node/577362175",
        "amenity": "cafe",
        "name": "Aavin"
      },
      "geometry": {
        "type": "Point",
        "coordinates": [
          80.2057726,
          13.0671848
        ]
      },
      "id": "node/577362175"
    },
    {
      "type": "Feature",
      "properties": {
        "@id": "node/577376027",
        "amenity": "cafe",
        "brand": "Cafe Coffee Day",
        "brand:wikidata": "Q5017235",
        "brand:wikipedia": "en:Café Coffee Day",
        "cuisine": "coffee_shop",
        "name": "Cafe Coffee Day",
        "takeaway": "yes"
      },
      "geometry": {
        "type": "Point",
        "coordinates": [
          80.1520808,
          12.9228761
        ]
      },
      "id": "node/577376027"
    },
    {
      "type": "Feature",
      "properties": {
        "@id": "node/577376030",
        "amenity": "restaurant",
        "food": "veg",
        "name": "Vasantha Bhavan"
      },
      "geometry": {
        "type": "Point",
        "coordinates": [
          80.2560996,
          13.0005001
        ]
      },
      "id": "node/577376030"
    },
    {
      "type": "Feature",
      "properties": {
        "@id": "node/577376031",
        "amenity": "restaurant",
        "food": "veg",
        "name": "Hotchips"
      },
      "geometry": {
        "type": "Point",
        "coordinates": [
          80.2442513,
          13.00651
        ]
      },
      "id": "node/577376031"
    },
    {
      "type": "Feature",
      "properties": {
        "@id": "node/577376032",
        "amenity": "restaurant",
        "food": "veg",
        "name": "Sri Krishna Sweets"
      },
      "geometry": {
        "type": "Point",
        "coordinates": [
          80.2099012,
          13.049367
        ]
      },
      "id": "node/577376032"
    },
    {
      "type": "Feature",
      "properties": {
        "@id": "node/582437596",
        "amenity": "restaurant",
        "name": "Hot Chips"
      },
      "geometry": {
        "type": "Point",
        "coordinates": [
          80.1336515,
          12.9427993
        ]
      },
      "id": "node/582437596"
    },
    {
      "type": "Feature",
      "properties": {
        "@id": "node/582573957",
        "amenity": "restaurant",
        "diet:vegetarian": "yes",
        "name": "Vasantha Bhavan",
        "opening_hours": "Mo-Su,PH 06:00-23:00",
        "website": "https://www.vasantabhavan.in/"
      },
      "geometry": {
        "type": "Point",
        "coordinates": [
          80.1390878,
          12.9494253
        ]
      },
      "id": "node/582573957"
    },
    {
      "type": "Feature",
      "properties": {
        "@id": "node/582775117",
        "amenity": "restaurant",
        "name": "manikandan"
      },
      "geometry": {
        "type": "Point",
        "coordinates": [
          80.1418062,
          12.9516523
        ]
      },
      "id": "node/582775117"
    },
    {
      "type": "Feature",
      "properties": {
        "@id": "node/585619475",
        "amenity": "restaurant",
        "name": "Aathangudi"
      },
      "geometry": {
        "type": "Point",
        "coordinates": [
          80.131094,
          12.9401812
        ]
      },
      "id": "node/585619475"
    },
    {
      "type": "Feature",
      "properties": {
        "@id": "node/585969507",
        "amenity": "restaurant",
        "name": "hotel senthil"
      },
      "geometry": {
        "type": "Point",
        "coordinates": [
          80.1332735,
          12.9424304
        ]
      },
      "id": "node/585969507"
    },
    {
      "type": "Feature",
      "properties": {
        "@id": "node/595704962",
        "amenity": "restaurant",
        "brand": "Pizza Hut",
        "brand:wikidata": "Q191615",
        "brand:wikipedia": "en:Pizza Hut",
        "cuisine": "pizza",
        "name": "Pizza Hut"
      },
      "geometry": {
        "type": "Point",
        "coordinates": [
          80.1963823,
          13.0475791
        ]
      },
      "id": "node/595704962"
    },
    {
      "type": "Feature",
      "properties": {
        "@id": "node/595714975",
        "amenity": "restaurant",
        "name": "Sri Parvathy Bhavan"
      },
      "geometry": {
        "type": "Point",
        "coordinates": [
          80.192033,
          13.052763
        ]
      },
      "id": "node/595714975"
    },
    {
      "type": "Feature",
      "properties": {
        "@id": "node/611626489",
        "amenity": "restaurant",
        "name": "Thangam family resturant"
      },
      "geometry": {
        "type": "Point",
        "coordinates": [
          80.1599956,
          12.9229655
        ]
      },
      "id": "node/611626489"
    },
    {
      "type": "Feature",
      "properties": {
        "@id": "node/623010739",
        "amenity": "cafe",
        "name": "Cafe Caffee Day"
      },
      "geometry": {
        "type": "Point",
        "coordinates": [
          80.2572278,
          13.0688594
        ]
      },
      "id": "node/623010739"
    },
    {
      "type": "Feature",
      "properties": {
        "@id": "node/653152094",
        "amenity": "restaurant",
        "name": "Data Udipi Hotel"
      },
      "geometry": {
        "type": "Point",
        "coordinates": [
          80.1725724,
          13.0405828
        ]
      },
      "id": "node/653152094"
    },
    {
      "type": "Feature",
      "properties": {
        "@id": "node/700879862",
        "amenity": "restaurant",
        "building": "yes",
        "name": "Dosa the Restaurant"
      },
      "geometry": {
        "type": "Point",
        "coordinates": [
          80.2607741,
          12.9863717
        ]
      },
      "id": "node/700879862"
    },
    {
      "type": "Feature",
      "properties": {
        "@id": "node/700910944",
        "amenity": "restaurant",
        "cuisine": "indian",
        "delivery": "yes",
        "food": "veg",
        "name": "Sangeeta",
        "takeaway": "yes"
      },
      "geometry": {
        "type": "Point",
        "coordinates": [
          80.2500834,
          13.0070874
        ]
      },
      "id": "node/700910944"
    },
    {
      "type": "Feature",
      "properties": {
        "@id": "node/754093962",
        "amenity": "restaurant",
        "name": "Hot Chips",
        "wheelchair": "no"
      },
      "geometry": {
        "type": "Point",
        "coordinates": [
          80.2560376,
          12.9880438
        ]
      },
      "id": "node/754093962"
    },
    {
      "type": "Feature",
      "properties": {
        "@id": "node/762597556",
        "amenity": "restaurant",
        "diet:vegetarian": "yes",
        "name": "Hotel Raj Bhavan",
        "name:ta": "ராஜ் பவன் ஓட்டல்"
      },
      "geometry": {
        "type": "Point",
        "coordinates": [
          80.248,
          13.0558502
        ]
      },
      "id": "node/762597556"
    },
    {
      "type": "Feature",
      "properties": {
        "@id": "node/848278423",
        "amenity": "cafe",
        "name": "snack  bar"
      },
      "geometry": {
        "type": "Point",
        "coordinates": [
          80.0856873,
          12.8788076
        ]
      },
      "id": "node/848278423"
    },
    {
      "type": "Feature",
      "properties": {
        "@id": "node/864565806",
        "amenity": "cafe",
        "name": "Sandys"
      },
      "geometry": {
        "type": "Point",
        "coordinates": [
          80.2482881,
          13.0610992
        ]
      },
      "id": "node/864565806"
    },
    {
      "type": "Feature",
      "properties": {
        "@id": "node/941618660",
        "amenity": "restaurant"
      },
      "geometry": {
        "type": "Point",
        "coordinates": [
          80.217598,
          13.0828536
        ]
      },
      "id": "node/941618660"
    },
    {
      "type": "Feature",
      "properties": {
        "@id": "node/1007625849",
        "amenity": "cafe",
        "brand": "Cafe Coffee Day",
        "brand:wikidata": "Q5017235",
        "cuisine": "coffee_shop",
        "name": "Cafe Coffee Day",
        "takeaway": "yes"
      },
      "geometry": {
        "type": "Point",
        "coordinates": [
          79.9630564,
          12.9796343
        ]
      },
      "id": "node/1007625849"
    },
    {
      "type": "Feature",
      "properties": {
        "@id": "node/1024554835",
        "addr:housenumber": "Door number 1",
        "addr:postcode": "600083",
        "addr:street": "7th Avenue",
        "amenity": "restaurant",
        "name": "Sangamam Chettinad Hotel",
        "name:en": "Hotel Sangamam",
        "opening_hours": "Mo-Su 12:00-16:00, 19:00-23:00",
        "phone": "044 2489 1225"
      },
      "geometry": {
        "type": "Point",
        "coordinates": [
          80.2163485,
          13.0349987
        ]
      },
      "id": "node/1024554835"
    },
    {
      "type": "Feature",
      "properties": {
        "@id": "node/1025848875",
        "amenity": "restaurant",
        "name": "Anajappar"
      },
      "geometry": {
        "type": "Point",
        "coordinates": [
          80.212066,
          13.0328373
        ]
      },
      "id": "node/1025848875"
    },
    {
      "type": "Feature",
      "properties": {
        "@id": "node/1045109023",
        "amenity": "restaurant",
        "cuisine": "regional",
        "name": "Bayview by Vivanta"
      },
      "geometry": {
        "type": "Point",
        "coordinates": [
          80.2493403,
          12.7983217
        ]
      },
      "id": "node/1045109023"
    },
    {
      "type": "Feature",
      "properties": {
        "@id": "node/1053605071",
        "amenity": "restaurant",
        "cuisine": "indian",
        "description": "closed",
        "internet_access": "no",
        "name": "Shankara Bhavan",
        "smoking": "no"
      },
      "geometry": {
        "type": "Point",
        "coordinates": [
          80.2430546,
          13.051775
        ]
      },
      "id": "node/1053605071"
    },
    {
      "type": "Feature",
      "properties": {
        "@id": "node/1069489829",
        "amenity": "restaurant",
        "name": "Delhi Hotel"
      },
      "geometry": {
        "type": "Point",
        "coordinates": [
          80.2757144,
          13.0880874
        ]
      },
      "id": "node/1069489829"
    },
    {
      "type": "Feature",
      "properties": {
        "@id": "node/1080219492",
        "amenity": "restaurant",
        "name": "Karaikudi",
        "name:hi": "कराईकुड़ी",
        "name:pa": "ਕਰਾਈਕੁੜੀ"
      },
      "geometry": {
        "type": "Point",
        "coordinates": [
          80.2644988,
          13.0448865
        ]
      },
      "id": "node/1080219492"
    },
    {
      "type": "Feature",
      "properties": {
        "@id": "node/1108029781",
        "amenity": "restaurant",
        "name": "Twilight Takeout"
      },
      "geometry": {
        "type": "Point",
        "coordinates": [
          80.2392199,
          13.0544491
        ]
      },
      "id": "node/1108029781"
    },
    {
      "type": "Feature",
      "properties": {
        "@id": "node/1121392657",
        "amenity": "restaurant",
        "name": "Sagar Restaurant"
      },
      "geometry": {
        "type": "Point",
        "coordinates": [
          80.2106059,
          13.0083726
        ]
      },
      "id": "node/1121392657"
    },
    {
      "type": "Feature",
      "properties": {
        "@id": "node/1171632614",
        "amenity": "restaurant",
        "name": "shanmukas"
      },
      "geometry": {
        "type": "Point",
        "coordinates": [
          80.2308167,
          13.0277769
        ]
      },
      "id": "node/1171632614"
    },
    {
      "type": "Feature",
      "properties": {
        "@id": "node/1177974039",
        "amenity": "restaurant",
        "name": "Cream Centre"
      },
      "geometry": {
        "type": "Point",
        "coordinates": [
          80.2460438,
          13.0671869
        ]
      },
      "id": "node/1177974039"
    },
    {
      "type": "Feature",
      "properties": {
        "@id": "node/1190124248",
        "amenity": "restaurant"
      },
      "geometry": {
        "type": "Point",
        "coordinates": [
          80.2656063,
          13.0635727
        ]
      },
      "id": "node/1190124248"
    },
    {
      "type": "Feature",
      "properties": {
        "@id": "node/1241205340",
        "amenity": "restaurant",
        "name": "Al Reef Restaurant",
        "wheelchair": "no"
      },
      "geometry": {
        "type": "Point",
        "coordinates": [
          80.2583585,
          12.9712514
        ]
      },
      "id": "node/1241205340"
    },
    {
      "type": "Feature",
      "properties": {
        "@id": "node/1241212752",
        "amenity": "restaurant",
        "check_date": "2026-03-11",
        "cuisine": "arab",
        "name": "Savoury Sea Shell"
      },
      "geometry": {
        "type": "Point",
        "coordinates": [
          80.2190709,
          12.9721108
        ]
      },
      "id": "node/1241212752"
    },
    {
      "type": "Feature",
      "properties": {
        "@id": "node/1260815893",
        "amenity": "restaurant",
        "name": "Top City"
      },
      "geometry": {
        "type": "Point",
        "coordinates": [
          80.2266785,
          12.8710593
        ]
      },
      "id": "node/1260815893"
    },
    {
      "type": "Feature",
      "properties": {
        "@id": "node/1428770683",
        "amenity": "restaurant",
        "name": "Akash Bhavan Hotel"
      },
      "geometry": {
        "type": "Point",
        "coordinates": [
          80.0965109,
          12.9060884
        ]
      },
      "id": "node/1428770683"
    },
    {
      "type": "Feature",
      "properties": {
        "@id": "node/1446844312",
        "addr:city": "Chennai",
        "addr:postcode": "600026",
        "addr:street": "Arcot Road",
        "alt_name": "A2B",
        "amenity": "restaurant",
        "brand": "Adyar Ananda Bhavan",
        "brand:wikidata": "Q15178238",
        "brand:wikipedia": "en:Adyar Ananda Bhavan",
        "cuisine": "regional",
        "diet:vegetarian": "only",
        "email": "info@aabsweets.com",
        "name": "Adyar Ananda Bhavan",
        "operator": "Adyar Ananda Bhavan",
        "phone": "+91 44 4201 3008",
        "shop": "confectionery",
        "smoking": "no",
        "website": "https://aabsweets.com"
      },
      "geometry": {
        "type": "Point",
        "coordinates": [
          80.2061063,
          13.0483451
        ]
      },
      "id": "node/1446844312"
    },
    {
      "type": "Feature",
      "properties": {
        "@id": "node/1450869063",
        "amenity": "restaurant",
        "is_in": "Kottivakkam",
        "name": "Hotel Mathus"
      },
      "geometry": {
        "type": "Point",
        "coordinates": [
          80.2581256,
          12.9739862
        ]
      },
      "id": "node/1450869063"
    },
    {
      "type": "Feature",
      "properties": {
        "@id": "node/1457114930",
        "amenity": "restaurant",
        "name": "Bella Ciao"
      },
      "geometry": {
        "type": "Point",
        "coordinates": [
          80.2648774,
          12.9721533
        ]
      },
      "id": "node/1457114930"
    },
    {
      "type": "Feature",
      "properties": {
        "@id": "node/1527955052",
        "amenity": "restaurant",
        "name": "Supriya Andra Mess",
        "source": "survey"
      },
      "geometry": {
        "type": "Point",
        "coordinates": [
          80.2326981,
          12.9821542
        ]
      },
      "id": "node/1527955052"
    },
    {
      "type": "Feature",
      "properties": {
        "@id": "node/1527955639",
        "amenity": "restaurant",
        "name": "Punjabi Restaurant",
        "source": "survey"
      },
      "geometry": {
        "type": "Point",
        "coordinates": [
          80.2327044,
          12.9822545
        ]
      },
      "id": "node/1527955639"
    },
    {
      "type": "Feature",
      "properties": {
        "@id": "node/1532684633",
        "addr:housenumber": "78-79",
        "addr:postcode": "600041",
        "addr:street": "East Costal Road",
        "amenity": "restaurant",
        "cuisine": "indian",
        "name": "Hot Kitchen",
        "website": "http://www.hotkitchenecr.com/"
      },
      "geometry": {
        "type": "Point",
        "coordinates": [
          80.249748,
          12.9086606
        ]
      },
      "id": "node/1532684633"
    },
    {
      "type": "Feature",
      "properties": {
        "@id": "node/1532684635",
        "addr:housenumber": "14",
        "addr:postcode": "600047",
        "addr:street": "L. Jey Avenue",
        "amenity": "cafe",
        "cuisine": "thai",
        "name": "Kipling Cafe"
      },
      "geometry": {
        "type": "Point",
        "coordinates": [
          80.2523229,
          12.8954312
        ]
      },
      "id": "node/1532684635"
    },
    {
      "type": "Feature",
      "properties": {
        "@id": "node/1563555334",
        "addr:postcode": "600015",
        "addr:street": "Anna Salai, Saidapet",
        "amenity": "restaurant",
        "cuisine": "regional",
        "name": "Ponnusamy Hotel",
        "website": "https://www.ponnusamyhotels.com/"
      },
      "geometry": {
        "type": "Point",
        "coordinates": [
          80.2227101,
          13.0131553
        ]
      },
      "id": "node/1563555334"
    },
    {
      "type": "Feature",
      "properties": {
        "@id": "node/1597154722",
        "amenity": "cafe"
      },
      "geometry": {
        "type": "Point",
        "coordinates": [
          80.2012409,
          13.0583681
        ]
      },
      "id": "node/1597154722"
    },
    {
      "type": "Feature",
      "properties": {
        "@id": "node/1645216233",
        "amenity": "cafe",
        "cuisine": "coffee_shop",
        "name": "HUT",
        "wifi": "free"
      },
      "geometry": {
        "type": "Point",
        "coordinates": [
          80.23485,
          13.0133683
        ]
      },
      "id": "node/1645216233"
    },
    {
      "type": "Feature",
      "properties": {
        "@id": "node/1685079568",
        "amenity": "restaurant",
        "name": "Asli Punjabi Rasoi Ghar"
      },
      "geometry": {
        "type": "Point",
        "coordinates": [
          80.2551167,
          13.038511
        ]
      },
      "id": "node/1685079568"
    },
    {
      "type": "Feature",
      "properties": {
        "@id": "node/1712341782",
        "amenity": "restaurant",
        "name": "Cascade"
      },
      "geometry": {
        "type": "Point",
        "coordinates": [
          80.2681092,
          12.9961478
        ]
      },
      "id": "node/1712341782"
    },
    {
      "type": "Feature",
      "properties": {
        "@id": "node/1722539546",
        "amenity": "restaurant",
        "diet:vegetarian": "only",
        "name": "Hotel Meenakshi Bhavan"
      },
      "geometry": {
        "type": "Point",
        "coordinates": [
          80.276637,
          13.0296649
        ]
      },
      "id": "node/1722539546"
    },
    {
      "type": "Feature",
      "properties": {
        "@id": "node/1728641528",
        "amenity": "restaurant",
        "diet:vegetarian": "only",
        "name": "Curries and Chutneys"
      },
      "geometry": {
        "type": "Point",
        "coordinates": [
          80.2589417,
          13.0651778
        ]
      },
      "id": "node/1728641528"
    },
    {
      "type": "Feature",
      "properties": {
        "@id": "node/1751208048",
        "amenity": "restaurant",
        "diet:vegetarian": "only",
        "name": "Flamingo"
      },
      "geometry": {
        "type": "Point",
        "coordinates": [
          80.2182307,
          12.9841726
        ]
      },
      "id": "node/1751208048"
    },
    {
      "type": "Feature",
      "properties": {
        "@id": "node/1751210935",
        "amenity": "restaurant",
        "diet:vegetarian": "only",
        "name": "Mast Kalandar"
      },
      "geometry": {
        "type": "Point",
        "coordinates": [
          80.2177291,
          12.9847606
        ]
      },
      "id": "node/1751210935"
    },
    {
      "type": "Feature",
      "properties": {
        "@id": "node/1875969687",
        "addr:housename": "Amethyst",
        "amenity": "restaurant",
        "name": "Amethyst",
        "shop": "florist"
      },
      "geometry": {
        "type": "Point",
        "coordinates": [
          80.259754,
          13.057334
        ]
      },
      "id": "node/1875969687"
    },
    {
      "type": "Feature",
      "properties": {
        "@id": "node/1928542139",
        "addr:city": "Chennai",
        "addr:country": "IN",
        "addr:postcode": "600006",
        "addr:state": "Tamil Nadu",
        "addr:street": "#17/2, Shaffee Mohammed Road, Off Greams & Khader Nawaz Khan Road",
        "amenity": "restaurant",
        "cuisine": "mexican",
        "drive_in": "no",
        "microbrewery": "no",
        "name": "Texas Fiesta",
        "phone": "+91 44 43087882",
        "smoking": "no",
        "website": "www.texasfiesta.in",
        "wheelchair": "no",
        "wifi": "no"
      },
      "geometry": {
        "type": "Point",
        "coordinates": [
          80.253221,
          13.06004
        ]
      },
      "id": "node/1928542139"
    },
    {
      "type": "Feature",
      "properties": {
        "@id": "node/1973406457",
        "amenity": "restaurant",
        "name": "Murugan Idli Shop"
      },
      "geometry": {
        "type": "Point",
        "coordinates": [
          80.174252,
          13.0950704
        ]
      },
      "id": "node/1973406457"
    },
    {
      "type": "Feature",
      "properties": {
        "@id": "node/1973406477",
        "amenity": "cafe",
        "brand": "Barista",
        "brand:wikidata": "Q644735",
        "cuisine": "coffee_shop",
        "name": "Barista",
        "takeaway": "yes"
      },
      "geometry": {
        "type": "Point",
        "coordinates": [
          80.2706668,
          12.9991916
        ]
      },
      "id": "node/1973406477"
    },
    {
      "type": "Feature",
      "properties": {
        "@id": "node/1974528161",
        "amenity": "restaurant",
        "food": "non-veg"
      },
      "geometry": {
        "type": "Point",
        "coordinates": [
          80.251587,
          13.0055967
        ]
      },
      "id": "node/1974528161"
    },
    {
      "type": "Feature",
      "properties": {
        "@id": "node/1987889351",
        "addr:city": "Chennai",
        "addr:housenumber": "16",
        "addr:postcode": "600042",
        "addr:street": "Sarathy Nagar 1st street",
        "air_conditioning": "yes",
        "amenity": "restaurant",
        "changing_table": "no",
        "cuisine": "indian",
        "diet:vegan": "yes",
        "diet:vegetarian": "yes",
        "drink:beer": "no",
        "indoor_seating": "yes",
        "internet_access": "no",
        "level": "0",
        "name": "Ganga Sweets",
        "outdoor_seating": "no",
        "payment:credit_cards": "yes",
        "payment:debit_cards": "yes",
        "phone": "+91 95008 73333",
        "ref:vatin": "33AADFG0544N1ZI",
        "smoking": "no",
        "wheelchair": "limited"
      },
      "geometry": {
        "type": "Point",
        "coordinates": [
          80.2216517,
          12.975984
        ]
      },
      "id": "node/1987889351"
    },
    {
      "type": "Feature",
      "properties": {
        "@id": "node/1987889352",
        "amenity": "restaurant",
        "cuisine": "indian",
        "internet_access": "no",
        "name": "Maruthi Bhavan",
        "smoking": "no"
      },
      "geometry": {
        "type": "Point",
        "coordinates": [
          80.221856,
          12.9761386
        ]
      },
      "id": "node/1987889352"
    },
    {
      "type": "Feature",
      "properties": {
        "@id": "node/1990726878",
        "amenity": "restaurant",
        "cuisine": "ice_cream",
        "name": "Freeze Zone"
      },
      "geometry": {
        "type": "Point",
        "coordinates": [
          80.259599,
          13.0428655
        ]
      },
      "id": "node/1990726878"
    },
    {
      "type": "Feature",
      "properties": {
        "@id": "node/1990726883",
        "amenity": "restaurant",
        "cuisine": "indian",
        "name": "Gangotree"
      },
      "geometry": {
        "type": "Point",
        "coordinates": [
          80.2546452,
          13.0471789
        ]
      },
      "id": "node/1990726883"
    },
    {
      "type": "Feature",
      "properties": {
        "@id": "node/1990726921",
        "amenity": "restaurant",
        "cuisine": "italian",
        "name": "Toscana"
      },
      "geometry": {
        "type": "Point",
        "coordinates": [
          80.2483233,
          13.0290737
        ]
      },
      "id": "node/1990726921"
    },
    {
      "type": "Feature",
      "properties": {
        "@id": "node/1992147671",
        "addr:postcode": "600042",
        "amenity": "restaurant",
        "cuisine": "coffee_shop",
        "name": "Parfait3"
      },
      "geometry": {
        "type": "Point",
        "coordinates": [
          80.2267092,
          12.979042
        ]
      },
      "id": "node/1992147671"
    },
    {
      "type": "Feature",
      "properties": {
        "@id": "node/1992398105",
        "addr:city": "Chennai",
        "addr:country": "IN",
        "addr:housenumber": "3",
        "addr:state": "Tamil Nadu",
        "addr:street": "Haddows 2nd Street, Nungambakkam",
        "amenity": "restaurant",
        "drive_in": "no",
        "internet_access:fee": "no",
        "microbrewery": "no",
        "name": "Mash",
        "outdoor_seating": "no",
        "phone": "+9 44 28211555",
        "website": "https://www.mashrestocafe.com/"
      },
      "geometry": {
        "type": "Point",
        "coordinates": [
          80.248271,
          13.061691
        ]
      },
      "id": "node/1992398105"
    },
    {
      "type": "Feature",
      "properties": {
        "@id": "node/1993266479",
        "amenity": "restaurant",
        "cuisine": "indian",
        "name": "Hot Chips"
      },
      "geometry": {
        "type": "Point",
        "coordinates": [
          80.2276904,
          12.9796065
        ]
      },
      "id": "node/1993266479"
    },
    {
      "type": "Feature",
      "properties": {
        "@id": "node/2000840330",
        "amenity": "restaurant",
        "cuisine": "regional",
        "name": "Banana Leaf"
      },
      "geometry": {
        "type": "Point",
        "coordinates": [
          80.2380816,
          13.0408188
        ]
      },
      "id": "node/2000840330"
    },
    {
      "type": "Feature",
      "properties": {
        "@id": "node/2001148133",
        "amenity": "restaurant",
        "name": "Nalas Aappakadai"
      },
      "geometry": {
        "type": "Point",
        "coordinates": [
          80.2381571,
          13.0414192
        ]
      },
      "id": "node/2001148133"
    },
    {
      "type": "Feature",
      "properties": {
        "@id": "node/2039504296",
        "amenity": "restaurant"
      },
      "geometry": {
        "type": "Point",
        "coordinates": [
          80.1851941,
          12.9493561
        ]
      },
      "id": "node/2039504296"
    },
    {
      "type": "Feature",
      "properties": {
        "@id": "node/2039504297",
        "amenity": "restaurant"
      },
      "geometry": {
        "type": "Point",
        "coordinates": [
          80.1845825,
          12.9489457
        ]
      },
      "id": "node/2039504297"
    },
    {
      "type": "Feature",
      "properties": {
        "@id": "node/2039504300",
        "amenity": "restaurant",
        "cuisine": "indian",
        "name": "Alreef"
      },
      "geometry": {
        "type": "Point",
        "coordinates": [
          80.1864386,
          12.9538312
        ]
      },
      "id": "node/2039504300"
    },
    {
      "type": "Feature",
      "properties": {
        "@id": "node/2039504302",
        "amenity": "restaurant"
      },
      "geometry": {
        "type": "Point",
        "coordinates": [
          80.1850171,
          12.9488986
        ]
      },
      "id": "node/2039504302"
    },
    {
      "type": "Feature",
      "properties": {
        "@id": "node/2039504303",
        "amenity": "restaurant"
      },
      "geometry": {
        "type": "Point",
        "coordinates": [
          80.1852477,
          12.9495678
        ]
      },
      "id": "node/2039504303"
    },
    {
      "type": "Feature",
      "properties": {
        "@id": "node/2054888188",
        "amenity": "restaurant",
        "cuisine": "indian",
        "name": "Hotel Highway"
      },
      "geometry": {
        "type": "Point",
        "coordinates": [
          80.0710112,
          13.0453185
        ]
      },
      "id": "node/2054888188"
    },
    {
      "type": "Feature",
      "properties": {
        "@id": "node/2084165165",
        "amenity": "restaurant",
        "cuisine": "regional",
        "name": "Dindigul Velu Biryani"
      },
      "geometry": {
        "type": "Point",
        "coordinates": [
          80.2178866,
          12.969707
        ]
      },
      "id": "node/2084165165"
    },
    {
      "type": "Feature",
      "properties": {
        "@id": "node/2086711904",
        "amenity": "cafe"
      },
      "geometry": {
        "type": "Point",
        "coordinates": [
          80.1816702,
          12.9560721
        ]
      },
      "id": "node/2086711904"
    },
    {
      "type": "Feature",
      "properties": {
        "@id": "node/2086711925",
        "amenity": "cafe"
      },
      "geometry": {
        "type": "Point",
        "coordinates": [
          80.1816433,
          12.9563622
        ]
      },
      "id": "node/2086711925"
    },
    {
      "type": "Feature",
      "properties": {
        "@id": "node/2086711965",
        "amenity": "restaurant"
      },
      "geometry": {
        "type": "Point",
        "coordinates": [
          80.182169,
          12.9558316
        ]
      },
      "id": "node/2086711965"
    },
    {
      "type": "Feature",
      "properties": {
        "@id": "node/2086711972",
        "amenity": "cafe"
      },
      "geometry": {
        "type": "Point",
        "coordinates": [
          80.1822737,
          12.9558185
        ]
      },
      "id": "node/2086711972"
    },
    {
      "type": "Feature",
      "properties": {
        "@id": "node/2086712437",
        "amenity": "cafe"
      },
      "geometry": {
        "type": "Point",
        "coordinates": [
          80.1855111,
          12.9557715
        ]
      },
      "id": "node/2086712437"
    },
    {
      "type": "Feature",
      "properties": {
        "@id": "node/2086712441",
        "amenity": "cafe"
      },
      "geometry": {
        "type": "Point",
        "coordinates": [
          80.1867572,
          12.9557998
        ]
      },
      "id": "node/2086712441"
    },
    {
      "type": "Feature",
      "properties": {
        "@id": "node/2091840500",
        "amenity": "restaurant",
        "brand": "Pizza Hut",
        "brand:wikidata": "Q191615",
        "brand:wikipedia": "en:Pizza Hut",
        "cuisine": "pizza",
        "name": "Pizza Hut",
        "name:en": "Pizza Hut Chromepet"
      },
      "geometry": {
        "type": "Point",
        "coordinates": [
          80.1444994,
          12.9580686
        ]
      },
      "id": "node/2091840500"
    },
    {
      "type": "Feature",
      "properties": {
        "@id": "node/2091842232",
        "amenity": "restaurant",
        "diet:vegetarian": "only",
        "name": "Sri balaji bavan",
        "name:en": "Chromepet  Balaji Bhavan"
      },
      "geometry": {
        "type": "Point",
        "coordinates": [
          80.1443434,
          12.9577703
        ]
      },
      "id": "node/2091842232"
    },
    {
      "type": "Feature",
      "properties": {
        "@id": "node/2091842236",
        "addr:city": "Chennai",
        "addr:postcode": "600044",
        "addr:street": "Grand Southern Trunk Road",
        "amenity": "restaurant",
        "cuisine": "regional",
        "diet:vegetarian": "only",
        "name": "Adyar Anand Bhavan",
        "name:en": "Adyar Ananda Bhavan Chromepet",
        "phone": "+91 9566222595",
        "website": "https://aabsweets.com"
      },
      "geometry": {
        "type": "Point",
        "coordinates": [
          80.1435066,
          12.9575007
        ]
      },
      "id": "node/2091842236"
    },
    {
      "type": "Feature",
      "properties": {
        "@id": "node/2091847097",
        "amenity": "restaurant",
        "name:en": "Hot chips"
      },
      "geometry": {
        "type": "Point",
        "coordinates": [
          80.1149544,
          12.9285421
        ]
      },
      "id": "node/2091847097"
    },
    {
      "type": "Feature",
      "properties": {
        "@id": "node/2120765877",
        "amenity": "restaurant",
        "name": "Sri Anjeppar restaurant"
      },
      "geometry": {
        "type": "Point",
        "coordinates": [
          80.2001919,
          12.9933742
        ]
      },
      "id": "node/2120765877"
    },
    {
      "type": "Feature",
      "properties": {
        "@id": "node/2120776178",
        "amenity": "restaurant",
        "name": "Loiee"
      },
      "geometry": {
        "type": "Point",
        "coordinates": [
          80.1997306,
          12.9935964
        ]
      },
      "id": "node/2120776178"
    },
    {
      "type": "Feature",
      "properties": {
        "@id": "node/2122430108",
        "amenity": "restaurant",
        "diet:vegetarian": "yes",
        "name": "Sangeetha Restaurant"
      },
      "geometry": {
        "type": "Point",
        "coordinates": [
          80.0786401,
          12.8777987
        ]
      },
      "id": "node/2122430108"
    },
    {
      "type": "Feature",
      "properties": {
        "@id": "node/2124744016",
        "amenity": "restaurant",
        "name": "CUC Restaurant"
      },
      "geometry": {
        "type": "Point",
        "coordinates": [
          80.2317217,
          12.9274004
        ]
      },
      "id": "node/2124744016"
    },
    {
      "type": "Feature",
      "properties": {
        "@id": "node/2124745932",
        "amenity": "restaurant",
        "name": "Heaven n Home"
      },
      "geometry": {
        "type": "Point",
        "coordinates": [
          80.2306441,
          12.9196464
        ]
      },
      "id": "node/2124745932"
    },
    {
      "type": "Feature",
      "properties": {
        "@id": "node/2124745933",
        "amenity": "restaurant",
        "name": "PEPPER"
      },
      "geometry": {
        "type": "Point",
        "coordinates": [
          80.2306816,
          12.9191392
        ]
      },
      "id": "node/2124745933"
    },
    {
      "type": "Feature",
      "properties": {
        "@id": "node/2145424658",
        "amenity": "restaurant",
        "name": "Sri Sai Surya Hotel"
      },
      "geometry": {
        "type": "Point",
        "coordinates": [
          80.1883615,
          12.9863102
        ]
      },
      "id": "node/2145424658"
    },
    {
      "type": "Feature",
      "properties": {
        "@id": "node/2146414134",
        "amenity": "restaurant",
        "name": "Food Fiesta"
      },
      "geometry": {
        "type": "Point",
        "coordinates": [
          80.2287613,
          12.9803074
        ]
      },
      "id": "node/2146414134"
    },
    {
      "type": "Feature",
      "properties": {
        "@id": "node/2146414135",
        "amenity": "restaurant",
        "name": "Nandini Bakery and Restaurant"
      },
      "geometry": {
        "type": "Point",
        "coordinates": [
          80.2230137,
          12.988058
        ]
      },
      "id": "node/2146414135"
    },
    {
      "type": "Feature",
      "properties": {
        "@id": "node/2205051835",
        "amenity": "restaurant",
        "cuisine": "indian",
        "internet_access": "no",
        "internet_access:fee": "no",
        "name": "Hotel Tamilnadu",
        "opening_hours": "9:00 -17:00",
        "operator": "T. T. D. C.",
        "smoking": "no",
        "stars": "0"
      },
      "geometry": {
        "type": "Point",
        "coordinates": [
          80.082033,
          12.8792366
        ]
      },
      "id": "node/2205051835"
    },
    {
      "type": "Feature",
      "properties": {
        "@id": "node/2206320908",
        "amenity": "cafe",
        "cuisine": "ice_cream",
        "name": "Aavin Parlour"
      },
      "geometry": {
        "type": "Point",
        "coordinates": [
          80.0852206,
          12.8814805
        ]
      },
      "id": "node/2206320908"
    },
    {
      "type": "Feature",
      "properties": {
        "@id": "node/2211551343",
        "amenity": "restaurant",
        "name": "The Farm",
        "website": "https://www.thefarmchennai.com/"
      },
      "geometry": {
        "type": "Point",
        "coordinates": [
          80.2276391,
          12.8670026
        ]
      },
      "id": "node/2211551343"
    },
    {
      "type": "Feature",
      "properties": {
        "@id": "node/2296731083",
        "amenity": "restaurant",
        "diet:vegetarian": "only",
        "name": "Murudi's Hotel"
      },
      "geometry": {
        "type": "Point",
        "coordinates": [
          80.2693697,
          13.0755331
        ]
      },
      "id": "node/2296731083"
    },
    {
      "type": "Feature",
      "properties": {
        "@id": "node/2341521164",
        "amenity": "restaurant",
        "cuisine": "chinese",
        "name": "Hot Pot China",
        "opening_hours": "Mo-Sa 08:00-10:30"
      },
      "geometry": {
        "type": "Point",
        "coordinates": [
          80.2463937,
          12.9636596
        ]
      },
      "id": "node/2341521164"
    },
    {
      "type": "Feature",
      "properties": {
        "@id": "node/2394701226",
        "amenity": "restaurant",
        "cuisine": "ice_cream",
        "name": "Cream & Fudge"
      },
      "geometry": {
        "type": "Point",
        "coordinates": [
          80.2184356,
          13.0907453
        ]
      },
      "id": "node/2394701226"
    },
    {
      "type": "Feature",
      "properties": {
        "@id": "node/2394703603",
        "amenity": "restaurant",
        "cuisine": "South_Indian",
        "name": "Nalas Appakadai"
      },
      "geometry": {
        "type": "Point",
        "coordinates": [
          80.2178412,
          13.0883486
        ]
      },
      "id": "node/2394703603"
    },
    {
      "type": "Feature",
      "properties": {
        "@id": "node/2394717810",
        "amenity": "cafe",
        "brand": "Cafe Coffee Day",
        "brand:wikidata": "Q5017235",
        "brand:wikipedia": "en:Café Coffee Day",
        "cuisine": "coffee_shop",
        "internet_access": "no",
        "name": "Cafe Coffee Day",
        "takeaway": "yes"
      },
      "geometry": {
        "type": "Point",
        "coordinates": [
          80.2400173,
          13.0835203
        ]
      },
      "id": "node/2394717810"
    },
    {
      "type": "Feature",
      "properties": {
        "@id": "node/2394720835",
        "amenity": "restaurant",
        "cuisine": "ice_cream",
        "name": "Cream & Fudge"
      },
      "geometry": {
        "type": "Point",
        "coordinates": [
          80.2418285,
          13.08286
        ]
      },
      "id": "node/2394720835"
    },
    {
      "type": "Feature",
      "properties": {
        "@id": "node/2394723955",
        "amenity": "restaurant",
        "cuisine": "arab",
        "name": "Al Najeeb"
      },
      "geometry": {
        "type": "Point",
        "coordinates": [
          80.2444917,
          13.0900655
        ]
      },
      "id": "node/2394723955"
    },
    {
      "type": "Feature",
      "properties": {
        "@id": "node/2398060288",
        "amenity": "restaurant",
        "cuisine": "chinese",
        "name": "KimLing",
        "name:en": "Kim Ling"
      },
      "geometry": {
        "type": "Point",
        "coordinates": [
          80.2126022,
          13.0846594
        ]
      },
      "id": "node/2398060288"
    },
    {
      "type": "Feature",
      "properties": {
        "@id": "node/2398071952",
        "amenity": "restaurant",
        "cuisine": "arab",
        "name": "Savoury Sea Shell",
        "name:en": "Sea Shell"
      },
      "geometry": {
        "type": "Point",
        "coordinates": [
          80.2182684,
          13.0875854
        ]
      },
      "id": "node/2398071952"
    },
    {
      "type": "Feature",
      "properties": {
        "@id": "node/2424060961",
        "amenity": "restaurant",
        "comment": "Highly Subsidized Eatery",
        "name": "Amma Canteen"
      },
      "geometry": {
        "type": "Point",
        "coordinates": [
          80.1750645,
          13.0158805
        ]
      },
      "id": "node/2424060961"
    },
    {
      "type": "Feature",
      "properties": {
        "@id": "node/2561406280",
        "amenity": "restaurant",
        "name": "Udhayam Mess"
      },
      "geometry": {
        "type": "Point",
        "coordinates": [
          80.0018423,
          12.7377027
        ]
      },
      "id": "node/2561406280"
    },
    {
      "type": "Feature",
      "properties": {
        "@id": "node/2561407904",
        "amenity": "restaurant",
        "name": "Tamil Nadu Mess"
      },
      "geometry": {
        "type": "Point",
        "coordinates": [
          80.0017331,
          12.7377488
        ]
      },
      "id": "node/2561407904"
    },
    {
      "type": "Feature",
      "properties": {
        "@id": "node/2561410243",
        "amenity": "restaurant",
        "name": "Hotel Nalapandi"
      },
      "geometry": {
        "type": "Point",
        "coordinates": [
          80.001351,
          12.7378553
        ]
      },
      "id": "node/2561410243"
    },
    {
      "type": "Feature",
      "properties": {
        "@id": "node/2587530807",
        "addr:city": "Chennai",
        "addr:postcode": "600020",
        "addr:street": "Dr Muthulakshmi Salai",
        "alt_name": "A2B",
        "amenity": "restaurant",
        "brand": "Adyar Ananda Bhavan",
        "brand:wikidata": "Q15178238",
        "cuisine": "regional",
        "diet:vegetarian": "only",
        "name": "Adyar Ananda Bhavan",
        "phone": "+91 44 2345 3045",
        "shop": "confectionery",
        "website": "https://aabsweets.com"
      },
      "geometry": {
        "type": "Point",
        "coordinates": [
          80.2574322,
          13.005343
        ]
      },
      "id": "node/2587530807"
    },
    {
      "type": "Feature",
      "properties": {
        "@id": "node/2613603183",
        "amenity": "cafe",
        "branch": "(CCD)",
        "brand": "Cafe Coffee Day",
        "brand:wikidata": "Q5017235",
        "brand:wikipedia": "en:Café Coffee Day",
        "cuisine": "coffee_shop",
        "internet_access": "wlan",
        "internet_access:fee": "no",
        "name": "Cafe Coffee Day",
        "takeaway": "yes"
      },
      "geometry": {
        "type": "Point",
        "coordinates": [
          80.2019157,
          13.0868942
        ]
      },
      "id": "node/2613603183"
    },
    {
      "type": "Feature",
      "properties": {
        "@id": "node/2623046185",
        "amenity": "restaurant",
        "level": "0",
        "name": "Kailash Parbat"
      },
      "geometry": {
        "type": "Point",
        "coordinates": [
          80.2183798,
          12.989024
        ]
      },
      "id": "node/2623046185"
    },
    {
      "type": "Feature",
      "properties": {
        "@id": "node/2653514035",
        "addr:street": "Rajiv Gandhi IT Expressway",
        "amenity": "restaurant",
        "capacity": "30",
        "cuisine": "indian",
        "name": "iWay Restaurant"
      },
      "geometry": {
        "type": "Point",
        "coordinates": [
          80.2445544,
          12.9596032
        ]
      },
      "id": "node/2653514035"
    },
    {
      "type": "Feature",
      "properties": {
        "@id": "node/2878241398",
        "amenity": "restaurant",
        "name": "Aishwarya Restaurant"
      },
      "geometry": {
        "type": "Point",
        "coordinates": [
          80.1871212,
          12.9941032
        ]
      },
      "id": "node/2878241398"
    },
    {
      "type": "Feature",
      "properties": {
        "@id": "node/3040095075",
        "amenity": "restaurant",
        "cuisine": "italian",
        "name": "Wangs Kitchen",
        "smoking": "no"
      },
      "geometry": {
        "type": "Point",
        "coordinates": [
          80.1918021,
          12.973039
        ]
      },
      "id": "node/3040095075"
    },
    {
      "type": "Feature",
      "properties": {
        "@id": "node/3216148367",
        "amenity": "restaurant",
        "cuisine": "chinese",
        "name": "Mainland China"
      },
      "geometry": {
        "type": "Point",
        "coordinates": [
          80.2461636,
          13.0315839
        ]
      },
      "id": "node/3216148367"
    },
    {
      "type": "Feature",
      "properties": {
        "@id": "node/3379346350",
        "addr:street": "Mount Road",
        "amenity": "restaurant",
        "name": "Jeyasri Pure Veg",
        "phone": "044 28522186"
      },
      "geometry": {
        "type": "Point",
        "coordinates": [
          80.2681364,
          13.0659239
        ]
      },
      "id": "node/3379346350"
    },
    {
      "type": "Feature",
      "properties": {
        "@id": "node/3428272585",
        "addr:street": "Velachery Bypass Road",
        "amenity": "cafe",
        "internet_access": "yes",
        "name": "thilak cafe"
      },
      "geometry": {
        "type": "Point",
        "coordinates": [
          80.2194639,
          12.9826996
        ]
      },
      "id": "node/3428272585"
    },
    {
      "type": "Feature",
      "properties": {
        "@id": "node/3450042000",
        "addr:city": "Saidapet",
        "addr:postcode": "600015",
        "addr:street": "Koothadum Pilliyar Koil Street",
        "amenity": "restaurant",
        "cuisine": "regional",
        "name": "Vel Tiffin Centre",
        "takeaway": "yes"
      },
      "geometry": {
        "type": "Point",
        "coordinates": [
          80.2212113,
          13.0243276
        ]
      },
      "id": "node/3450042000"
    },
    {
      "type": "Feature",
      "properties": {
        "@id": "node/3450042001",
        "addr:street": "Koothadum Pilliyar Koil Street",
        "amenity": "restaurant",
        "name": "Fathima Cafe",
        "opening_hours": "12:00-15:00,19:00-20:30"
      },
      "geometry": {
        "type": "Point",
        "coordinates": [
          80.2211984,
          13.0246165
        ]
      },
      "id": "node/3450042001"
    },
    {
      "type": "Feature",
      "properties": {
        "@id": "node/3450050680",
        "addr:street": "Vadhyar Subbraya mudali street",
        "amenity": "cafe",
        "internet_access": "no",
        "name": "Kumbakonam Degree Coffee"
      },
      "geometry": {
        "type": "Point",
        "coordinates": [
          80.2222034,
          13.0222529
        ]
      },
      "id": "node/3450050680"
    },
    {
      "type": "Feature",
      "properties": {
        "@id": "node/3490433702",
        "amenity": "restaurant",
        "cuisine": "indian;regional",
        "name": "Sangeetha Vegetarian Restaurant"
      },
      "geometry": {
        "type": "Point",
        "coordinates": [
          80.2875692,
          13.0889275
        ]
      },
      "id": "node/3490433702"
    },
    {
      "type": "Feature",
      "properties": {
        "@id": "node/3508291445",
        "amenity": "restaurant",
        "cuisine": "indian",
        "name": "Indian Cofee House",
        "smoking": "no"
      },
      "geometry": {
        "type": "Point",
        "coordinates": [
          80.2305246,
          13.0348438
        ]
      },
      "id": "node/3508291445"
    },
    {
      "type": "Feature",
      "properties": {
        "@id": "node/3568386700",
        "addr:street": "Rajiv Gandhi Salai",
        "amenity": "restaurant",
        "capacity": "50",
        "name": "Ganambal Idly Shop",
        "smoking": "no"
      },
      "geometry": {
        "type": "Point",
        "coordinates": [
          80.2316514,
          12.9297291
        ]
      },
      "id": "node/3568386700"
    },
    {
      "type": "Feature",
      "properties": {
        "@id": "node/3568398403",
        "amenity": "cafe",
        "name": "Coffee Day"
      },
      "geometry": {
        "type": "Point",
        "coordinates": [
          80.2317171,
          12.927839
        ]
      },
      "id": "node/3568398403"
    },
    {
      "type": "Feature",
      "properties": {
        "@id": "node/3568403893",
        "amenity": "restaurant",
        "name": "Ganambal Idly Shop"
      },
      "geometry": {
        "type": "Point",
        "coordinates": [
          80.2323729,
          12.9308257
        ]
      },
      "id": "node/3568403893"
    },
    {
      "type": "Feature",
      "properties": {
        "@id": "node/3599952165",
        "addr:city": "Saidapet",
        "addr:postcode": "600015",
        "addr:street": "Anna Salai (Mount Road)",
        "amenity": "restaurant",
        "capacity": "50",
        "cuisine": "regional",
        "name": "Metro Sagar",
        "takeaway": "yes"
      },
      "geometry": {
        "type": "Point",
        "coordinates": [
          80.225602,
          13.0213047
        ]
      },
      "id": "node/3599952165"
    },
    {
      "type": "Feature",
      "properties": {
        "@id": "node/3657312622",
        "addr:city": "Chennai",
        "addr:housenumber": "748",
        "addr:postcode": "600021",
        "addr:street": "Thiruvottriyur High Road",
        "alt_name": "A2B",
        "amenity": "restaurant",
        "brand": "Adyar Ananda Bhavan",
        "brand:wikidata": "Q15178238",
        "brand:wikipedia": "en:Adyar Ananda Bhavan",
        "capacity": "50",
        "cuisine": "indian",
        "delivery": "no",
        "diet:vegetarian": "only",
        "name": "Adyar Ananda Bhavan",
        "opening_hours": "Mo-Su 07:00-22:00",
        "operator": "Adyar Ananda Bhavan",
        "phone": "+91 44 23453039",
        "shop": "confectionery",
        "smoking": "no",
        "website": "https://aabsweets.com"
      },
      "geometry": {
        "type": "Point",
        "coordinates": [
          80.2847614,
          13.1182089
        ]
      },
      "id": "node/3657312622"
    },
    {
      "type": "Feature",
      "properties": {
        "@id": "node/3685475121",
        "addr:city": "Chennai",
        "addr:housenumber": "57A",
        "addr:postcode": "600083",
        "addr:street": "7th Avenue",
        "amenity": "restaurant",
        "cuisine": "indian",
        "name": "Mansuk's",
        "name:en": "Mansuk’s Sweets & Snacks",
        "opening_hours": "Mo-Su 11:00-22:00",
        "phone": "097899 06461",
        "website": "http://mansuksweets.com"
      },
      "geometry": {
        "type": "Point",
        "coordinates": [
          80.21636,
          13.0355652
        ]
      },
      "id": "node/3685475121"
    },
    {
      "type": "Feature",
      "properties": {
        "@id": "node/3685501075",
        "addr:city": "Chennai",
        "addr:housenumber": "8",
        "addr:postcode": "600083",
        "addr:street": "10th Avenue",
        "amenity": "restaurant",
        "brand": "Sri Krishna Sweets",
        "brand:wikidata": "Q7585868",
        "cuisine": "indian",
        "name": "Sri Krishna Sweets",
        "shop": "confectionery"
      },
      "geometry": {
        "type": "Point",
        "coordinates": [
          80.2129456,
          13.0345581
        ]
      },
      "id": "node/3685501075"
    },
    {
      "type": "Feature",
      "properties": {
        "@id": "node/3686383394",
        "addr:city": "Chennai",
        "addr:housenumber": "20/3",
        "addr:postcode": "600004",
        "addr:street": "Bishop Wallers East Avenue",
        "amenity": "restaurant",
        "cuisine": "international",
        "delivery": "no",
        "name": "Kaidhi Kitchen",
        "takeaway": "yes"
      },
      "geometry": {
        "type": "Point",
        "coordinates": [
          80.2614492,
          13.0445136
        ]
      },
      "id": "node/3686383394"
    },
    {
      "type": "Feature",
      "properties": {
        "@id": "node/3686393758",
        "addr:city": "Chennai",
        "addr:housenumber": "239/107",
        "addr:postcode": "600018",
        "addr:street": "TTK Road",
        "amenity": "restaurant",
        "cuisine": "international",
        "delivery": "yes",
        "name": "Spoonbill",
        "opening_hours": "11:00-23:00",
        "takeaway": "yes"
      },
      "geometry": {
        "type": "Point",
        "coordinates": [
          80.2534304,
          13.0335251
        ]
      },
      "id": "node/3686393758"
    },
    {
      "type": "Feature",
      "properties": {
        "@id": "node/3687693297",
        "amenity": "cafe",
        "cuisine": "pizza,burger",
        "name": "Snow Cube"
      },
      "geometry": {
        "type": "Point",
        "coordinates": [
          80.1878329,
          12.9645311
        ]
      },
      "id": "node/3687693297"
    },
    {
      "type": "Feature",
      "properties": {
        "@id": "node/3687697987",
        "amenity": "restaurant",
        "name": "Gokulam"
      },
      "geometry": {
        "type": "Point",
        "coordinates": [
          80.2412019,
          13.0180379
        ]
      },
      "id": "node/3687697987"
    },
    {
      "type": "Feature",
      "properties": {
        "@id": "node/3687697988",
        "amenity": "restaurant",
        "name": "Home Meals"
      },
      "geometry": {
        "type": "Point",
        "coordinates": [
          80.2411617,
          13.0180196
        ]
      },
      "id": "node/3687697988"
    },
    {
      "type": "Feature",
      "properties": {
        "@id": "node/3687697989",
        "amenity": "restaurant",
        "name": "Madrasi Dhaba"
      },
      "geometry": {
        "type": "Point",
        "coordinates": [
          80.2415412,
          13.0178837
        ]
      },
      "id": "node/3687697989"
    },
    {
      "type": "Feature",
      "properties": {
        "@id": "node/3687714163",
        "amenity": "restaurant",
        "name": "E3 Pizza Shop"
      },
      "geometry": {
        "type": "Point",
        "coordinates": [
          80.2507067,
          13.0065651
        ]
      },
      "id": "node/3687714163"
    },
    {
      "type": "Feature",
      "properties": {
        "@id": "node/3687714983",
        "amenity": "restaurant",
        "name": "The Stop",
        "note": "game Theme "
      },
      "geometry": {
        "type": "Point",
        "coordinates": [
          80.2576812,
          13.0069508
        ]
      },
      "id": "node/3687714983"
    },
    {
      "type": "Feature",
      "properties": {
        "@id": "node/3687715185",
        "amenity": "restaurant",
        "name": "Rain Forest"
      },
      "geometry": {
        "type": "Point",
        "coordinates": [
          80.2575979,
          13.0069018
        ]
      },
      "id": "node/3687715185"
    },
    {
      "type": "Feature",
      "properties": {
        "@id": "node/3687729139",
        "amenity": "restaurant",
        "name": "Anjappar"
      },
      "geometry": {
        "type": "Point",
        "coordinates": [
          80.2508354,
          13.0065703
        ]
      },
      "id": "node/3687729139"
    },
    {
      "type": "Feature",
      "properties": {
        "@id": "node/3687731869",
        "amenity": "restaurant",
        "name": "Animal Kingdom"
      },
      "geometry": {
        "type": "Point",
        "coordinates": [
          80.2577985,
          13.0070694
        ]
      },
      "id": "node/3687731869"
    },
    {
      "type": "Feature",
      "properties": {
        "@id": "node/3687823820",
        "amenity": "restaurant",
        "name": "Sea emperor",
        "wheelchair": "yes"
      },
      "geometry": {
        "type": "Point",
        "coordinates": [
          80.212701,
          12.9640395
        ]
      },
      "id": "node/3687823820"
    },
    {
      "type": "Feature",
      "properties": {
        "@id": "node/3690725166",
        "amenity": "restaurant",
        "name": "Rainmaker"
      },
      "geometry": {
        "type": "Point",
        "coordinates": [
          80.2239795,
          13.0547433
        ]
      },
      "id": "node/3690725166"
    },
    {
      "type": "Feature",
      "properties": {
        "@id": "node/3696257961",
        "amenity": "cafe",
        "brand": "Cafe Coffee Day",
        "brand:wikidata": "Q5017235",
        "brand:wikipedia": "en:Café Coffee Day",
        "cuisine": "coffee_shop",
        "name": "Cafe Coffee Day",
        "takeaway": "yes"
      },
      "geometry": {
        "type": "Point",
        "coordinates": [
          80.2457412,
          13.0485453
        ]
      },
      "id": "node/3696257961"
    },
    {
      "type": "Feature",
      "properties": {
        "@id": "node/3736887372",
        "addr:city": "Chennai",
        "addr:postcode": "600017",
        "addr:street": "Raghaviah Road",
        "amenity": "restaurant",
        "name": "Grill Box BBQ"
      },
      "geometry": {
        "type": "Point",
        "coordinates": [
          80.2355696,
          13.0455027
        ]
      },
      "id": "node/3736887372"
    },
    {
      "type": "Feature",
      "properties": {
        "@id": "node/3749116735",
        "amenity": "restaurant",
        "name": "Mars Kitchen"
      },
      "geometry": {
        "type": "Point",
        "coordinates": [
          80.1444968,
          12.9706984
        ]
      },
      "id": "node/3749116735"
    },
    {
      "type": "Feature",
      "properties": {
        "@id": "node/3755454941",
        "amenity": "cafe"
      },
      "geometry": {
        "type": "Point",
        "coordinates": [
          80.2441549,
          13.0121666
        ]
      },
      "id": "node/3755454941"
    },
    {
      "type": "Feature",
      "properties": {
        "@id": "node/3829218333",
        "amenity": "restaurant",
        "cuisine": "indian",
        "name": "Moti Mahal"
      },
      "geometry": {
        "type": "Point",
        "coordinates": [
          80.2287926,
          12.8999989
        ]
      },
      "id": "node/3829218333"
    },
    {
      "type": "Feature",
      "properties": {
        "@id": "node/3862474231",
        "amenity": "cafe",
        "name": "Coffee Day"
      },
      "geometry": {
        "type": "Point",
        "coordinates": [
          79.9578424,
          12.9750755
        ]
      },
      "id": "node/3862474231"
    },
    {
      "type": "Feature",
      "properties": {
        "@id": "node/3875702946",
        "addr:city": "CHENNAI",
        "addr:housenumber": "142",
        "addr:postcode": "600011",
        "addr:street": "D'Mellows Rd",
        "amenity": "cafe",
        "cuisine": "coffee_shop",
        "internet_access": "wlan",
        "name": "ARAVIND Traveler's Coffee",
        "smoking": "isolated"
      },
      "geometry": {
        "type": "Point",
        "coordinates": [
          80.2640741,
          13.0963403
        ]
      },
      "id": "node/3875702946"
    },
    {
      "type": "Feature",
      "properties": {
        "@id": "node/3961459332",
        "amenity": "cafe",
        "name": "Coffee Tales",
        "smoking": "outside"
      },
      "geometry": {
        "type": "Point",
        "coordinates": [
          80.224869,
          13.08175
        ]
      },
      "id": "node/3961459332"
    },
    {
      "type": "Feature",
      "properties": {
        "@id": "node/3961459333",
        "amenity": "restaurant",
        "name": "Zaitoon"
      },
      "geometry": {
        "type": "Point",
        "coordinates": [
          80.225507,
          13.0835126
        ]
      },
      "id": "node/3961459333"
    },
    {
      "type": "Feature",
      "properties": {
        "@id": "node/4011491489",
        "amenity": "restaurant",
        "capacity": "25",
        "delivery": "no",
        "name": "Naidu Andhra Mess",
        "smoking": "no",
        "takeaway": "yes"
      },
      "geometry": {
        "type": "Point",
        "coordinates": [
          80.2343301,
          13.0353775
        ]
      },
      "id": "node/4011491489"
    },
    {
      "type": "Feature",
      "properties": {
        "@id": "node/4142948010",
        "addr:city": "Chennai",
        "addr:housenumber": "20",
        "addr:postcode": "600042",
        "addr:street": "Dandeeswaram Main Road",
        "amenity": "restaurant",
        "diet:vegetarian": "yes",
        "name": "Anthikkadai",
        "phone": "+91 81223 11234;+91 44 6461 1234"
      },
      "geometry": {
        "type": "Point",
        "coordinates": [
          80.2246365,
          12.9824641
        ]
      },
      "id": "node/4142948010"
    },
    {
      "type": "Feature",
      "properties": {
        "@id": "node/4142984489",
        "addr:street": "Gandhi Road",
        "amenity": "restaurant",
        "cuisine": "tea",
        "name": "Balan Tea",
        "name:en": "Sri Balan Tea Stall"
      },
      "geometry": {
        "type": "Point",
        "coordinates": [
          80.2312088,
          12.9853716
        ]
      },
      "id": "node/4142984489"
    },
    {
      "type": "Feature",
      "properties": {
        "@id": "node/4175851801",
        "amenity": "restaurant",
        "cuisine": "regional",
        "smoking": "no",
        "takeaway": "yes"
      },
      "geometry": {
        "type": "Point",
        "coordinates": [
          80.2611408,
          13.0449084
        ]
      },
      "id": "node/4175851801"
    },
    {
      "type": "Feature",
      "properties": {
        "@id": "node/4186895419",
        "amenity": "restaurant",
        "name": "Sree Saiva Bhavan",
        "opening_hours": "Mo-Su 07:30-22:00"
      },
      "geometry": {
        "type": "Point",
        "coordinates": [
          80.1839551,
          13.0150919
        ]
      },
      "id": "node/4186895419"
    },
    {
      "type": "Feature",
      "properties": {
        "@id": "node/4186906491",
        "amenity": "restaurant",
        "name": "D A Brothers food center Briyani"
      },
      "geometry": {
        "type": "Point",
        "coordinates": [
          80.1750099,
          13.0161035
        ]
      },
      "id": "node/4186906491"
    },
    {
      "type": "Feature",
      "properties": {
        "@id": "node/4218907921",
        "amenity": "restaurant",
        "cuisine": "indian",
        "diet:vegetarian": "yes",
        "name": "Gaurav Vada Pav Centre"
      },
      "geometry": {
        "type": "Point",
        "coordinates": [
          80.2453673,
          12.9692702
        ]
      },
      "id": "node/4218907921"
    },
    {
      "type": "Feature",
      "properties": {
        "@id": "node/4232045988",
        "addr:city": "Chennai",
        "addr:postcode": "600102",
        "amenity": "restaurant",
        "name": "The Rock Restaurant",
        "opening_hours": "12:00-15:00,19:00-23:00"
      },
      "geometry": {
        "type": "Point",
        "coordinates": [
          80.2180657,
          13.091467
        ]
      },
      "id": "node/4232045988"
    },
    {
      "type": "Feature",
      "properties": {
        "@id": "node/4239255889",
        "amenity": "restaurant",
        "comment": "A good place to have Homely food (you could take what you want and pay for it)",
        "cuisine": "indian",
        "diet:vegetarian": "yes",
        "name": "Arun Caterors (Swamys Homely Food)",
        "opening_hours": "07:30-10:00,12:00-2:30,19:00-21:00",
        "operator": "Swami",
        "outdoor_seating": "yes",
        "smoking": "no"
      },
      "geometry": {
        "type": "Point",
        "coordinates": [
          80.2288982,
          12.9781784
        ]
      },
      "id": "node/4239255889"
    },
    {
      "type": "Feature",
      "properties": {
        "@id": "node/4241509490",
        "addr:street": "Gopathi Narayanaswami Road",
        "amenity": "restaurant",
        "name": "absolute barbeques "
      },
      "geometry": {
        "type": "Point",
        "coordinates": [
          80.2412295,
          13.045426
        ]
      },
      "id": "node/4241509490"
    },
    {
      "type": "Feature",
      "properties": {
        "@id": "node/4241530290",
        "addr:street": "Rajan Street",
        "amenity": "cafe",
        "name": "madras coffee house"
      },
      "geometry": {
        "type": "Point",
        "coordinates": [
          80.2368552,
          13.0469371
        ]
      },
      "id": "node/4241530290"
    },
    {
      "type": "Feature",
      "properties": {
        "@id": "node/4252200443",
        "addr:city": "Chennai",
        "addr:housenumber": "2",
        "addr:postcode": "600042",
        "addr:street": "Sarathy Nagar 1st Main Road",
        "air_conditioning": "yes",
        "amenity": "restaurant",
        "changing_table": "no",
        "check_date": "2026-04-11",
        "cuisine": "indian",
        "diet:vegetarian": "yes",
        "drink:beer": "no",
        "indoor_seating": "yes",
        "name": "Pind Restaurent",
        "outdoor_seating": "no",
        "payment:credit_cards": "yes",
        "payment:debit_cards": "yes",
        "phone": "+91 44 2243 0003;+91 44 4260 2556",
        "wheelchair": "no"
      },
      "geometry": {
        "type": "Point",
        "coordinates": [
          80.2220064,
          12.9758138
        ]
      },
      "id": "node/4252200443"
    },
    {
      "type": "Feature",
      "properties": {
        "@id": "node/4270297092",
        "addr:postcode": "600094",
        "addr:street": "Nelson Manickam Road",
        "amenity": "restaurant",
        "cuisine": "indian",
        "name": "Sangeetha Veg. Restaurant",
        "opening_hours": "Mo-Su 07:00-22:00"
      },
      "geometry": {
        "type": "Point",
        "coordinates": [
          80.2246466,
          13.0701906
        ]
      },
      "id": "node/4270297092"
    },
    {
      "type": "Feature",
      "properties": {
        "@id": "node/4278326228",
        "amenity": "restaurant",
        "cuisine": "indian",
        "name": "Amma Mess (Subsidised Food)",
        "operator": "TamilNadu Govt.",
        "stars": "0"
      },
      "geometry": {
        "type": "Point",
        "coordinates": [
          80.2405139,
          12.9850891
        ]
      },
      "id": "node/4278326228"
    },
    {
      "type": "Feature",
      "properties": {
        "@id": "node/4308320094",
        "addr:street": "Thiruvalluvar Street",
        "amenity": "restaurant",
        "name": "TEA SHOP"
      },
      "geometry": {
        "type": "Point",
        "coordinates": [
          80.2176024,
          13.0273791
        ]
      },
      "id": "node/4308320094"
    },
    {
      "type": "Feature",
      "properties": {
        "@id": "node/4335525920",
        "amenity": "restaurant",
        "cuisine": "indian",
        "diet:vegetarian": "yes",
        "name": "Isabel Hospital Canteen",
        "takeaway": "yes",
        "wheelchair": "yes"
      },
      "geometry": {
        "type": "Point",
        "coordinates": [
          80.2624199,
          13.0387128
        ]
      },
      "id": "node/4335525920"
    },
    {
      "type": "Feature",
      "properties": {
        "@id": "node/4335525921",
        "amenity": "cafe",
        "cuisine": "Vending Machine",
        "name": "Tea Shop",
        "wheelchair": "yes"
      },
      "geometry": {
        "type": "Point",
        "coordinates": [
          80.2621637,
          13.03836
        ]
      },
      "id": "node/4335525921"
    },
    {
      "type": "Feature",
      "properties": {
        "@id": "node/4348942389",
        "amenity": "restaurant",
        "name": "Mahamudra"
      },
      "geometry": {
        "type": "Point",
        "coordinates": [
          80.2624809,
          13.0366167
        ]
      },
      "id": "node/4348942389"
    },
    {
      "type": "Feature",
      "properties": {
        "@id": "node/4355633301",
        "addr:street": "Nungambakkam High Road",
        "amenity": "restaurant",
        "name": "Vasantha Bhavan"
      },
      "geometry": {
        "type": "Point",
        "coordinates": [
          80.2457245,
          13.0621968
        ]
      },
      "id": "node/4355633301"
    },
    {
      "type": "Feature",
      "properties": {
        "@id": "node/4358666332",
        "amenity": "restaurant",
        "comment": "Buffett Food",
        "cuisine": "indian;kebab;seafood",
        "diet:vegetarian": "yes",
        "layer": "2",
        "name": "Coal BarbeQ",
        "smoking": "no"
      },
      "geometry": {
        "type": "Point",
        "coordinates": [
          80.2182482,
          12.9859913
        ]
      },
      "id": "node/4358666332"
    },
    {
      "type": "Feature",
      "properties": {
        "@id": "node/4359466590",
        "addr:street": "Valluvar Kottam High Road",
        "amenity": "restaurant",
        "cuisine": "indian",
        "name:en": "Crescent Hotel"
      },
      "geometry": {
        "type": "Point",
        "coordinates": [
          80.2433336,
          13.0643655
        ]
      },
      "id": "node/4359466590"
    },
    {
      "type": "Feature",
      "properties": {
        "@id": "node/4359484398",
        "addr:street": "Valluvar Kottam High Road",
        "amenity": "restaurant",
        "name:en": "Velu Military Hotel"
      },
      "geometry": {
        "type": "Point",
        "coordinates": [
          80.2436537,
          13.062755
        ]
      },
      "id": "node/4359484398"
    },
    {
      "type": "Feature",
      "properties": {
        "@id": "node/4369751391",
        "amenity": "restaurant",
        "name:en": "Murugan Idly Shop"
      },
      "geometry": {
        "type": "Point",
        "coordinates": [
          80.2702331,
          12.9956088
        ]
      },
      "id": "node/4369751391"
    },
    {
      "type": "Feature",
      "properties": {
        "@id": "node/4369777490",
        "addr:street": "Armenian Street",
        "amenity": "restaurant",
        "cuisine": "indian",
        "name": "Murugan Idli Shop"
      },
      "geometry": {
        "type": "Point",
        "coordinates": [
          80.2878586,
          13.0891115
        ]
      },
      "id": "node/4369777490"
    },
    {
      "type": "Feature",
      "properties": {
        "@id": "node/4379540072",
        "amenity": "restaurant",
        "cuisine": "local",
        "name:en": "Amma Unavagam"
      },
      "geometry": {
        "type": "Point",
        "coordinates": [
          80.2314302,
          12.9833026
        ]
      },
      "id": "node/4379540072"
    },
    {
      "type": "Feature",
      "properties": {
        "@id": "node/4379595810",
        "amenity": "restaurant",
        "cuisine": "indian;local",
        "name:en": "Mummy Daddy Andhra Mess"
      },
      "geometry": {
        "type": "Point",
        "coordinates": [
          80.2315254,
          12.9832616
        ]
      },
      "id": "node/4379595810"
    },
    {
      "type": "Feature",
      "properties": {
        "@id": "node/4399195605",
        "addr:housenumber": "2/239",
        "addr:street": "Anna Main Road, Kolapakkam",
        "amenity": "restaurant",
        "cuisine": "indian",
        "name": "DA Brothers Restaurant",
        "opening_hours": "Mo-Su 11:00-23:00",
        "phone": "+918144306666",
        "takeaway": "yes"
      },
      "geometry": {
        "type": "Point",
        "coordinates": [
          80.1531139,
          13.0110341
        ]
      },
      "id": "node/4399195605"
    },
    {
      "type": "Feature",
      "properties": {
        "@id": "node/4405513859",
        "amenity": "cafe",
        "cuisine": "juice",
        "name": "Juiceteria"
      },
      "geometry": {
        "type": "Point",
        "coordinates": [
          80.228305,
          12.904328
        ]
      },
      "id": "node/4405513859"
    },
    {
      "type": "Feature",
      "properties": {
        "@id": "node/4405513877",
        "amenity": "cafe",
        "cuisine": "juice",
        "name": "Metro Juice"
      },
      "geometry": {
        "type": "Point",
        "coordinates": [
          80.2298996,
          12.9067585
        ]
      },
      "id": "node/4405513877"
    },
    {
      "type": "Feature",
      "properties": {
        "@id": "node/4411778292",
        "amenity": "cafe",
        "name:en": "leo coffee store"
      },
      "geometry": {
        "type": "Point",
        "coordinates": [
          80.1834318,
          13.0279535
        ]
      },
      "id": "node/4411778292"
    },
    {
      "type": "Feature",
      "properties": {
        "@id": "node/4411778293",
        "amenity": "restaurant",
        "name:en": "lakshmi bhavan"
      },
      "geometry": {
        "type": "Point",
        "coordinates": [
          80.1835547,
          13.0283918
        ]
      },
      "id": "node/4411778293"
    },
    {
      "type": "Feature",
      "properties": {
        "@id": "node/4411812196",
        "addr:street": "Mount Poonamallee Highway",
        "air_conditioning": "yes",
        "amenity": "restaurant",
        "indoor_seating": "yes",
        "name": "Buhari Hotel",
        "name:en": "Hotel sangeetha",
        "outdoor_seating": "no"
      },
      "geometry": {
        "type": "Point",
        "coordinates": [
          80.1934357,
          13.0141587
        ]
      },
      "id": "node/4411812196"
    },
    {
      "type": "Feature",
      "properties": {
        "@id": "node/4411841293",
        "amenity": "cafe",
        "name:en": "PRIYA TEA STALL"
      },
      "geometry": {
        "type": "Point",
        "coordinates": [
          80.1838415,
          13.022756
        ]
      },
      "id": "node/4411841293"
    },
    {
      "type": "Feature",
      "properties": {
        "@id": "node/4411851893",
        "amenity": "cafe",
        "name": "டீ நேரம்",
        "name:en": "Tea time",
        "name:ta": "டீ நேரம்"
      },
      "geometry": {
        "type": "Point",
        "coordinates": [
          80.1839792,
          13.0231089
        ]
      },
      "id": "node/4411851893"
    },
    {
      "type": "Feature",
      "properties": {
        "@id": "node/4411852989",
        "amenity": "restaurant",
        "name:en": "Buhari"
      },
      "geometry": {
        "type": "Point",
        "coordinates": [
          80.1931117,
          13.014394
        ]
      },
      "id": "node/4411852989"
    },
    {
      "type": "Feature",
      "properties": {
        "@id": "node/4411853092",
        "amenity": "cafe"
      },
      "geometry": {
        "type": "Point",
        "coordinates": [
          80.1831142,
          13.0261769
        ]
      },
      "id": "node/4411853092"
    },
    {
      "type": "Feature",
      "properties": {
        "@id": "node/4411853994",
        "amenity": "cafe"
      },
      "geometry": {
        "type": "Point",
        "coordinates": [
          80.1831162,
          13.0261003
        ]
      },
      "id": "node/4411853994"
    },
    {
      "type": "Feature",
      "properties": {
        "@id": "node/4413961908",
        "amenity": "restaurant",
        "name": "Barbeque Nation"
      },
      "geometry": {
        "type": "Point",
        "coordinates": [
          80.2380696,
          12.9437934
        ]
      },
      "id": "node/4413961908"
    },
    {
      "type": "Feature",
      "properties": {
        "@id": "node/4413961928",
        "amenity": "restaurant",
        "name": "747"
      },
      "geometry": {
        "type": "Point",
        "coordinates": [
          80.2381152,
          12.9437777
        ]
      },
      "id": "node/4413961928"
    },
    {
      "type": "Feature",
      "properties": {
        "@id": "node/4452123289",
        "addr:street": "Seetha Nagar 2nd Street",
        "amenity": "restaurant",
        "name:en": "Seenas Andhra Tiffin"
      },
      "geometry": {
        "type": "Point",
        "coordinates": [
          80.2424119,
          13.0624328
        ]
      },
      "id": "node/4452123289"
    },
    {
      "type": "Feature",
      "properties": {
        "@id": "node/4452136289",
        "amenity": "restaurant",
        "name:en": "Sigree"
      },
      "geometry": {
        "type": "Point",
        "coordinates": [
          80.2424649,
          13.0658718
        ]
      },
      "id": "node/4452136289"
    },
    {
      "type": "Feature",
      "properties": {
        "@id": "node/4469843446",
        "amenity": "cafe",
        "layer": "1",
        "name": "Coffee Shop",
        "opening_hours": "09:30-20:00",
        "smoking": "no",
        "takeaway": "yes",
        "wheelchair": "yes"
      },
      "geometry": {
        "type": "Point",
        "coordinates": [
          80.2405831,
          12.9969533
        ]
      },
      "id": "node/4469843446"
    },
    {
      "type": "Feature",
      "properties": {
        "@id": "node/4470686694",
        "amenity": "restaurant",
        "cuisine": "ice_cream",
        "name:en": "Bombay Kulfi"
      },
      "geometry": {
        "type": "Point",
        "coordinates": [
          80.2594573,
          12.9989664
        ]
      },
      "id": "node/4470686694"
    },
    {
      "type": "Feature",
      "properties": {
        "@id": "node/4544639994",
        "addr:street": "Narashiman 2nd Street",
        "amenity": "cafe",
        "cuisine": "indian;chinese",
        "internet_access": "wlan",
        "name": "Absolem"
      },
      "geometry": {
        "type": "Point",
        "coordinates": [
          80.246437,
          13.0463171
        ]
      },
      "id": "node/4544639994"
    },
    {
      "type": "Feature",
      "properties": {
        "@id": "node/4544752297",
        "addr:postcode": "600008",
        "addr:street": "Casa Major Road",
        "amenity": "restaurant",
        "cuisine": "indian",
        "name:en": "Delhi Highway"
      },
      "geometry": {
        "type": "Point",
        "coordinates": [
          80.2530681,
          13.0719315
        ]
      },
      "id": "node/4544752297"
    },
    {
      "type": "Feature",
      "properties": {
        "@id": "node/4594634884",
        "addr:city": "chennai",
        "addr:postcode": "600025",
        "addr:street": "sardar patel road",
        "amenity": "cafe",
        "cuisine": "regional",
        "fixme": "Unusual hours (open for just one hour?)",
        "internet_access": "wlan",
        "internet_access:fee": "no",
        "name": "recreation centre",
        "opening_hours": "21:30-22:30"
      },
      "geometry": {
        "type": "Point",
        "coordinates": [
          80.2373374,
          13.013219
        ]
      },
      "id": "node/4594634884"
    },
    {
      "type": "Feature",
      "properties": {
        "@id": "node/4603134111",
        "amenity": "cafe",
        "cuisine": "tea_shop",
        "description": "Best tea ever",
        "name": "Hi-Look"
      },
      "geometry": {
        "type": "Point",
        "coordinates": [
          80.2444537,
          13.0065052
        ]
      },
      "id": "node/4603134111"
    },
    {
      "type": "Feature",
      "properties": {
        "@id": "node/4622159700",
        "amenity": "cafe",
        "internet_access": "no",
        "name": "Cafeteria",
        "outdoor_seating": "no",
        "smoking": "no"
      },
      "geometry": {
        "type": "Point",
        "coordinates": [
          80.2360891,
          13.0133234
        ]
      },
      "id": "node/4622159700"
    },
    {
      "type": "Feature",
      "properties": {
        "@id": "node/4625772792",
        "amenity": "restaurant",
        "name": "Fazari Multi Cuisine Restaurant"
      },
      "geometry": {
        "type": "Point",
        "coordinates": [
          80.1457769,
          12.970309
        ]
      },
      "id": "node/4625772792"
    },
    {
      "type": "Feature",
      "properties": {
        "@id": "node/4639377291",
        "amenity": "restaurant",
        "name:en": "Sealord"
      },
      "geometry": {
        "type": "Point",
        "coordinates": [
          80.2740076,
          13.0592026
        ]
      },
      "id": "node/4639377291"
    },
    {
      "type": "Feature",
      "properties": {
        "@id": "node/4639687855",
        "amenity": "cafe",
        "name": "Metro Juice Park"
      },
      "geometry": {
        "type": "Point",
        "coordinates": [
          80.0922201,
          12.9215731
        ]
      },
      "id": "node/4639687855"
    },
    {
      "type": "Feature",
      "properties": {
        "@id": "node/4681428385",
        "addr:city": "t.nagar",
        "addr:housenumber": "9",
        "addr:postcode": "600 017",
        "addr:street": "Ramanathan Street",
        "amenity": "restaurant",
        "name": "Murugan Idli Shop",
        "phone": "+914442128182"
      },
      "geometry": {
        "type": "Point",
        "coordinates": [
          80.2301551,
          13.0378221
        ]
      },
      "id": "node/4681428385"
    },
    {
      "type": "Feature",
      "properties": {
        "@id": "node/4681455945",
        "addr:city": "t.nagar",
        "addr:housenumber": "28",
        "addr:postcode": "600 017",
        "addr:street": "Rameswaram Street",
        "amenity": "cafe",
        "cuisine": "italian",
        "name": "Candose Ice Cream Palour",
        "outdoor_seating": "no",
        "phone": "+914442178384"
      },
      "geometry": {
        "type": "Point",
        "coordinates": [
          80.2288253,
          13.039421
        ]
      },
      "id": "node/4681455945"
    },
    {
      "type": "Feature",
      "properties": {
        "@id": "node/4688927498",
        "addr:housenumber": "9",
        "addr:postcode": "600 017",
        "addr:street": "Ramanathan Street",
        "amenity": "cafe",
        "name:en": "Murugan Idli Shop",
        "opening_hours": "Mo-Su 07:00-23:00",
        "phone": "04442084842"
      },
      "geometry": {
        "type": "Point",
        "coordinates": [
          80.2301883,
          13.037789
        ]
      },
      "id": "node/4688927498"
    },
    {
      "type": "Feature",
      "properties": {
        "@id": "node/4691858289",
        "addr:housenumber": "No.9, S Block",
        "addr:postcode": "600040",
        "addr:street": "Anna Nagar 6th Avenue",
        "amenity": "restaurant",
        "name:en": "The Brick House Bistro"
      },
      "geometry": {
        "type": "Point",
        "coordinates": [
          80.2118114,
          13.0922676
        ]
      },
      "id": "node/4691858289"
    },
    {
      "type": "Feature",
      "properties": {
        "@id": "node/4711359172",
        "addr:city": "T.Nagar,Chennai",
        "addr:housenumber": "453",
        "addr:postcode": "600017",
        "addr:street": "Govindu Street",
        "amenity": "cafe",
        "cuisine": "regional",
        "name": "Cafeteria",
        "outdoor_seating": "yes",
        "phone": "+9133578",
        "smoking": "no",
        "website": "www.ccd.com"
      },
      "geometry": {
        "type": "Point",
        "coordinates": [
          80.2333968,
          13.042971
        ]
      },
      "id": "node/4711359172"
    },
    {
      "type": "Feature",
      "properties": {
        "@id": "node/4714387190",
        "amenity": "restaurant",
        "name:en": "Sakthi Restaurant"
      },
      "geometry": {
        "type": "Point",
        "coordinates": [
          80.2764136,
          13.083556
        ]
      },
      "id": "node/4714387190"
    },
    {
      "type": "Feature",
      "properties": {
        "@id": "node/4718285889",
        "amenity": "restaurant",
        "name:en": "iD"
      },
      "geometry": {
        "type": "Point",
        "coordinates": [
          80.2580421,
          13.0554515
        ]
      },
      "id": "node/4718285889"
    },
    {
      "type": "Feature",
      "properties": {
        "@id": "node/4794992304",
        "amenity": "cafe",
        "cuisine": "ice_cream",
        "name": "corner shop"
      },
      "geometry": {
        "type": "Point",
        "coordinates": [
          80.1841038,
          13.0236753
        ]
      },
      "id": "node/4794992304"
    },
    {
      "type": "Feature",
      "properties": {
        "@id": "node/4797659563",
        "addr:city": "Chennai",
        "addr:postcode": "600001",
        "addr:street": "Netaji Subhash Chandra Bose Road",
        "amenity": "restaurant",
        "cuisine": "regional",
        "diet:vegetarian": "only",
        "name": "Adyar Anand Bhavan",
        "phone": "+91 44 2345 3044",
        "website": "https://www.aabsweets.in"
      },
      "geometry": {
        "type": "Point",
        "coordinates": [
          80.2849229,
          13.0886358
        ]
      },
      "id": "node/4797659563"
    },
    {
      "type": "Feature",
      "properties": {
        "@id": "node/4797659566",
        "addr:city": "Chennai",
        "addr:district": "Chennai",
        "addr:postcode": "600045",
        "addr:street": "Muthuranga Mudali Street",
        "amenity": "restaurant",
        "brand": "Adyar Ananda Bhavan",
        "brand:wikidata": "Q15178238",
        "cuisine": "regional",
        "diet:vegetarian": "only",
        "name": "Adyar Ananda Bhavan",
        "operator": "K S Thirupathi Raja",
        "payment:app": "yes",
        "payment:cash": "yes",
        "payment:credit_cards": "yes",
        "payment:debit_cards": "yes",
        "payment:mastercard": "yes",
        "phone": "+91 44 4204 4409",
        "shop": "confectionery",
        "website": "https://restaurant-guru.in/Adyar-Ananda-Bhavan-Chennai-15"
      },
      "geometry": {
        "type": "Point",
        "coordinates": [
          80.1175488,
          12.9287754
        ]
      },
      "id": "node/4797659566"
    },
    {
      "type": "Feature",
      "properties": {
        "@id": "node/4797659568",
        "addr:city": "Chennai",
        "addr:postcode": "600040",
        "addr:street": "12th Main Road",
        "amenity": "restaurant",
        "cuisine": "regional",
        "diet:vegetarian": "only",
        "name": "Adyar Anand Bhavan",
        "phone": "+91 44 4217 1328",
        "website": "https://www.aabsweets.in"
      },
      "geometry": {
        "type": "Point",
        "coordinates": [
          80.2036178,
          13.0849504
        ]
      },
      "id": "node/4797659568"
    },
    {
      "type": "Feature",
      "properties": {
        "@id": "node/4797659569",
        "addr:city": "Chennai",
        "addr:postcode": "600041",
        "addr:street": "East Coast Road",
        "amenity": "restaurant",
        "brand": "Adyar Ananda Bhavan",
        "brand:wikidata": "Q15178238",
        "cuisine": "regional",
        "name": "Adyar Ananda Bhavan",
        "phone": "914442862091",
        "shop": "confectionery",
        "website": "https://aabsweets.com"
      },
      "geometry": {
        "type": "Point",
        "coordinates": [
          80.2525172,
          12.9361317
        ]
      },
      "id": "node/4797659569"
    },
    {
      "type": "Feature",
      "properties": {
        "@id": "node/4797659570",
        "addr:city": "Chennai",
        "addr:postcode": "600017",
        "addr:street": "South Usman Road",
        "amenity": "restaurant",
        "brand": "Adyar Ananda Bhavan",
        "brand:wikidata": "Q15178238",
        "cuisine": "regional",
        "name": "Adyar Ananda Bhavan",
        "opening_hours": "09:00-21:30",
        "panoramax": "23a9f86d-ef6f-4d62-b7e1-6f2b8312f8af",
        "panoramax:0": "d400f4ce-74f5-4411-ad28-20b43e62baad",
        "panoramax:1": "847b95ec-898c-4ef0-8ae5-75519fc36348",
        "phone": "914423453036",
        "shop": "confectionery",
        "website": "https://aabsweets.com"
      },
      "geometry": {
        "type": "Point",
        "coordinates": [
          80.2304855,
          13.0363714
        ]
      },
      "id": "node/4797659570"
    },
    {
      "type": "Feature",
      "properties": {
        "@id": "node/4798026739",
        "addr:city": "Chennai",
        "addr:postcode": "600008",
        "addr:street": "Gandhi Irwin Road",
        "alt_name": "A2B",
        "amenity": "restaurant",
        "brand": "Adyar Ananda Bhavan",
        "brand:wikidata": "Q15178238",
        "brand:wikipedia": "en:Adyar Ananda Bhavan",
        "cuisine": "regional",
        "diet:vegetarian": "only",
        "food": "yes",
        "name": "Adyar Ananda Bhavan",
        "name:ta": "அடையார் ஆனந்த பவன்",
        "operator": "Adyar Ananda Bhavan",
        "phone": "+91 44 4214 6542",
        "shop": "confectionery",
        "website": "https://www.aabsweets.in"
      },
      "geometry": {
        "type": "Point",
        "coordinates": [
          80.2609259,
          13.0770838
        ]
      },
      "id": "node/4798026739"
    },
    {
      "type": "Feature",
      "properties": {
        "@id": "node/4799120033",
        "addr:city": "Chennai",
        "addr:postcode": "600014",
        "addr:street": "Srivallur High Rd",
        "alt_name": "A2B",
        "amenity": "restaurant",
        "brand": "Adyar Ananda Bhavan",
        "brand:wikidata": "Q15178238",
        "brand:wikipedia": "en:Adyar Ananda Bhavan",
        "cuisine": "regional",
        "diet:vegetarian": "only",
        "name": "Adyar Ananda Bhavan",
        "operator": "Adyar Ananda Bhavan",
        "phone": "+91 44 4505 8181",
        "shop": "confectionery",
        "smoking": "no",
        "website": "https://www.aabsweets.in"
      },
      "geometry": {
        "type": "Point",
        "coordinates": [
          80.2417991,
          13.1083317
        ]
      },
      "id": "node/4799120033"
    },
    {
      "type": "Feature",
      "properties": {
        "@id": "node/4799120036",
        "addr:city": "Chennai",
        "addr:postcode": "600021",
        "addr:street": "P.A.N Rajarathinam Road",
        "alt_name": "A2B",
        "amenity": "restaurant",
        "brand": "Adyar Ananda Bhavan",
        "brand:wikidata": "Q15178238",
        "brand:wikipedia": "en:Adyar Ananda Bhavan",
        "cuisine": "regional",
        "diet:vegetarian": "only",
        "name": "Adyar Ananda Bhavan",
        "operator": "Adyar Ananda Bhavan",
        "phone": "+91 44 2345 3034",
        "shop": "confectionery",
        "smoking": "no",
        "website": "https://www.aabsweets.in"
      },
      "geometry": {
        "type": "Point",
        "coordinates": [
          80.2885634,
          13.113747
        ]
      },
      "id": "node/4799120036"
    },
    {
      "type": "Feature",
      "properties": {
        "@id": "node/4799154411",
        "addr:city": "Chennai",
        "addr:postcode": "600005",
        "addr:street": "Bharathi Salai",
        "alt_name": "A2B",
        "amenity": "restaurant",
        "brand": "Adyar Ananda Bhavan",
        "brand:wikidata": "Q15178238",
        "brand:wikipedia": "en:Adyar Ananda Bhavan",
        "cuisine": "regional",
        "diet:vegetarian": "only",
        "name": "Adyar Ananda Bhavan",
        "operator": "Adyar Ananda Bhavan",
        "phone": "+91 44 4215 5000",
        "shop": "confectionery",
        "smoking": "no",
        "website": "https://www.aabsweets.in"
      },
      "geometry": {
        "type": "Point",
        "coordinates": [
          80.2766839,
          13.0585503
        ]
      },
      "id": "node/4799154411"
    },
    {
      "type": "Feature",
      "properties": {
        "@id": "node/4799154413",
        "addr:city": "Chennai",
        "addr:postcode": "600003",
        "addr:street": "General Hospital Road",
        "alt_name": "A2B",
        "amenity": "restaurant",
        "brand": "Adyar Ananda Bhavan",
        "brand:wikidata": "Q15178238",
        "brand:wikipedia": "en:Adyar Ananda Bhavan",
        "check_date": "2026-04-20",
        "cuisine": "regional",
        "diet:vegetarian": "only",
        "level": "0",
        "name": "Adyar Ananda Bhavan",
        "phone": "+91 44 4211 4411",
        "shop": "confectionery",
        "smoking": "no",
        "website": "https://www.aabsweets.in"
      },
      "geometry": {
        "type": "Point",
        "coordinates": [
          80.2749374,
          13.0823797
        ]
      },
      "id": "node/4799154413"
    },
    {
      "type": "Feature",
      "properties": {
        "@id": "node/4799154415",
        "addr:city": "Chennai",
        "addr:postcode": "600091",
        "addr:street": "Medavakkam Main Road",
        "alt_name": "A2B",
        "amenity": "restaurant",
        "brand": "Adyar Ananda Bhavan",
        "brand:wikidata": "Q15178238",
        "cuisine": "regional",
        "diet:vegetarian": "only",
        "food": "veg",
        "name": "Adyar Ananda Bhavan",
        "operator": "Adyar Ananda Bhavan",
        "phone": "+91 44 4507 4455",
        "shop": "confectionery",
        "smoking": "no",
        "website": "https://www.aabsweets.in"
      },
      "geometry": {
        "type": "Point",
        "coordinates": [
          80.1876587,
          12.9620469
        ]
      },
      "id": "node/4799154415"
    },
    {
      "type": "Feature",
      "properties": {
        "@id": "node/4799154416",
        "addr:city": "Chennai",
        "addr:postcode": "600037",
        "addr:street": "Ambattur Estate Rd",
        "alt_name": "A2B",
        "amenity": "restaurant",
        "brand": "Adyar Ananda Bhavan",
        "brand:wikidata": "Q15178238",
        "cuisine": "regional",
        "diet:vegetarian": "only",
        "food": "yes",
        "name": "Adyar Ananda Bhavan",
        "operator": "Adyar Ananda Bhavan",
        "phone": "+91 44 4284 5074",
        "shop": "confectionery",
        "smoking": "no",
        "website": "https://www.aabsweets.in"
      },
      "geometry": {
        "type": "Point",
        "coordinates": [
          80.1850851,
          13.0882618
        ]
      },
      "id": "node/4799154416"
    },
    {
      "type": "Feature",
      "properties": {
        "@id": "node/4799154417",
        "addr:city": "Chennai",
        "addr:postcode": "600037",
        "addr:street": "Pari Rd",
        "alt_name": "A2B",
        "amenity": "restaurant",
        "brand": "Adyar Ananda Bhavan",
        "brand:wikidata": "Q15178238",
        "cuisine": "regional",
        "diet:vegetarian": "only",
        "food": "yes",
        "name": "Adyar Ananda Bhavan",
        "operator": "Adyar Ananda Bhavan",
        "phone": "+91 44 4269 0022",
        "shop": "confectionery",
        "smoking": "no",
        "website": "https://www.aabsweets.in",
        "wheelchair": "no"
      },
      "geometry": {
        "type": "Point",
        "coordinates": [
          80.1817229,
          13.0808212
        ]
      },
      "id": "node/4799154417"
    },
    {
      "type": "Feature",
      "properties": {
        "@id": "node/4799154419",
        "addr:city": "Chennai",
        "addr:postcode": "600011",
        "addr:street": "Perambur High Road",
        "air_conditioning": "yes",
        "alt_name": "A2B",
        "amenity": "restaurant",
        "brand": "Adyar Ananda Bhavan",
        "brand:wikidata": "Q15178238",
        "brand:wikipedia": "en:Adyar Ananda Bhavan",
        "cuisine": "regional",
        "diet:vegetarian": "only",
        "indoor_seating": "yes",
        "name": "Adyar Ananda Bhavan",
        "operator": "Adyar Ananda Bhavan",
        "outdoor_seating": "no",
        "phone": "+91 44 4286 7599",
        "shop": "confectionery",
        "smoking": "no",
        "website": "https://aabsweets.com",
        "wheelchair": "no"
      },
      "geometry": {
        "type": "Point",
        "coordinates": [
          80.245526,
          13.1080731
        ]
      },
      "id": "node/4799154419"
    },
    {
      "type": "Feature",
      "properties": {
        "@id": "node/4799176112",
        "addr:city": "Chennai",
        "addr:postcode": "600007",
        "addr:street": "Purusawalkam High Rd",
        "alt_name": "A2B",
        "amenity": "restaurant",
        "brand": "Adyar Ananda Bhavan",
        "brand:wikidata": "Q15178238",
        "brand:wikipedia": "en:Adyar Ananda Bhavan",
        "cuisine": "regional",
        "diet:vegetarian": "only",
        "email": "info@aabsweets.com",
        "name": "Adyar Ananda Bhavan",
        "name:ta": "அடையார் ஆனந்த பவன்",
        "operator": "Adyar Ananda Bhavan",
        "phone": "+91 94444 17333",
        "shop": "confectionery",
        "smoking": "no",
        "website": "https://www.aabsweets.in"
      },
      "geometry": {
        "type": "Point",
        "coordinates": [
          80.2541479,
          13.0858295
        ]
      },
      "id": "node/4799176112"
    },
    {
      "type": "Feature",
      "properties": {
        "@id": "node/4799176114",
        "addr:city": "Chennai",
        "addr:postcode": "603202",
        "addr:street": "Grand Southern Trunk Road",
        "alt_name": "A2B",
        "amenity": "restaurant",
        "brand": "Adyar Ananda Bhavan",
        "brand:wikidata": "Q15178238",
        "brand:wikipedia": "en:Adyar Ananda Bhavan",
        "cuisine": "regional",
        "diet:vegetarian": "only",
        "email": "info@aabsweets.com",
        "name": "Adyar Ananda Bhavan",
        "opening_hours": "Mo-Su,PH 07:00-23:00",
        "operator": "Adyar Ananda Bhavan",
        "phone": "+91 44 4233 3333",
        "shop": "confectionery",
        "smoking": "no",
        "website": "https://aabsweets.com"
      },
      "geometry": {
        "type": "Point",
        "coordinates": [
          80.04787,
          12.8332208
        ]
      },
      "id": "node/4799176114"
    },
    {
      "type": "Feature",
      "properties": {
        "@id": "node/4799176115",
        "addr:city": "Chennai",
        "addr:postcode": "600102",
        "addr:street": "1st Avenue",
        "alt_name": "A2B",
        "amenity": "restaurant",
        "brand": "Adyar Ananda Bhavan",
        "brand:wikidata": "Q15178238",
        "brand:wikipedia": "en:Adyar Ananda Bhavan",
        "cuisine": "regional",
        "diet:vegetarian": "only",
        "email": "info@aabsweets.com",
        "food": "yes",
        "name": "Adyar Ananda Bhavan",
        "operator": "Adyar Ananda Bhavan",
        "phone": "+91 44 4266 9533",
        "shop": "confectionery",
        "smoking": "no",
        "website": "https://www.aabsweets.in"
      },
      "geometry": {
        "type": "Point",
        "coordinates": [
          80.2249226,
          13.0843038
        ]
      },
      "id": "node/4799176115"
    },
    {
      "type": "Feature",
      "properties": {
        "@id": "node/4799194310",
        "addr:city": "Chennai",
        "addr:postcode": "600013",
        "addr:street": "Suryanarayana Street",
        "alt_name": "A2B",
        "amenity": "restaurant",
        "brand": "Adyar Ananda Bhavan",
        "brand:wikidata": "Q15178238",
        "brand:wikipedia": "en:Adyar Ananda Bhavan",
        "cuisine": "regional",
        "diet:vegetarian": "only",
        "email": "info@aabsweets.com",
        "name": "Adyar Ananda Bhavan",
        "operator": "Adyar Ananda Bhavan",
        "phone": "+91 44 4237 1199",
        "shop": "confectionery",
        "smoking": "no",
        "website": "https://www.aabsweets.in"
      },
      "geometry": {
        "type": "Point",
        "coordinates": [
          80.2916801,
          13.1081671
        ]
      },
      "id": "node/4799194310"
    },
    {
      "type": "Feature",
      "properties": {
        "@id": "node/4799223221",
        "addr:city": "Chennai",
        "addr:postcode": "600054",
        "addr:street": "Chennai Tiruvallur High Road",
        "alt_name": "A2B",
        "amenity": "restaurant",
        "brand": "Adyar Ananda Bhavan",
        "brand:wikidata": "Q15178238",
        "cuisine": "regional",
        "diet:vegetarian": "only",
        "email": "info@aabsweets.com",
        "name": "Adyar Ananda Bhavan",
        "operator": "Adyar Ananda Bhavan",
        "phone": "+91 44 2637 1116",
        "smoking": "no",
        "website": "https://aabsweets.com"
      },
      "geometry": {
        "type": "Point",
        "coordinates": [
          80.1029518,
          13.1201587
        ]
      },
      "id": "node/4799223221"
    },
    {
      "type": "Feature",
      "properties": {
        "@id": "node/4812799921",
        "amenity": "restaurant",
        "name:en": "Tovo"
      },
      "geometry": {
        "type": "Point",
        "coordinates": [
          80.2617411,
          13.04479
        ]
      },
      "id": "node/4812799921"
    },
    {
      "type": "Feature",
      "properties": {
        "@id": "node/4832843522",
        "amenity": "restaurant",
        "name:en": "food nirvana"
      },
      "geometry": {
        "type": "Point",
        "coordinates": [
          80.2582073,
          13.0268229
        ]
      },
      "id": "node/4832843522"
    },
    {
      "type": "Feature",
      "properties": {
        "@id": "node/4903254021",
        "amenity": "restaurant",
        "name": "வசந்த பவன்",
        "name:en": "Vasanta bhavan",
        "name:ta": "வசந்த பவன்"
      },
      "geometry": {
        "type": "Point",
        "coordinates": [
          80.2611367,
          13.0770717
        ]
      },
      "id": "node/4903254021"
    },
    {
      "type": "Feature",
      "properties": {
        "@id": "node/4911076624",
        "amenity": "restaurant",
        "name:en": "Venkateswara bhavan veg restaurant"
      },
      "geometry": {
        "type": "Point",
        "coordinates": [
          80.1268831,
          12.9277739
        ]
      },
      "id": "node/4911076624"
    },
    {
      "type": "Feature",
      "properties": {
        "@id": "node/4911133922",
        "amenity": "restaurant",
        "name:en": "Gk veg restaurant"
      },
      "geometry": {
        "type": "Point",
        "coordinates": [
          80.1274997,
          12.9267079
        ]
      },
      "id": "node/4911133922"
    },
    {
      "type": "Feature",
      "properties": {
        "@id": "node/4911161421",
        "amenity": "restaurant",
        "name:en": "Annapurna veg non-veg restaurant"
      },
      "geometry": {
        "type": "Point",
        "coordinates": [
          80.127636,
          12.9310762
        ]
      },
      "id": "node/4911161421"
    },
    {
      "type": "Feature",
      "properties": {
        "@id": "node/4929654623",
        "amenity": "restaurant",
        "name:en": "Hotel Sangeetha"
      },
      "geometry": {
        "type": "Point",
        "coordinates": [
          80.2446612,
          13.1082434
        ]
      },
      "id": "node/4929654623"
    },
    {
      "type": "Feature",
      "properties": {
        "@id": "node/4948882565",
        "addr:housenumber": "AJ-213",
        "addr:street": "4th Avenue,Shanthi Colony,Anna Nagar,Chennai - 600040,Tamil Nadu India",
        "amenity": "restaurant",
        "brand": "Dindigul Thalappakatti Restaurant",
        "brand:wikidata": "Q16312263",
        "cuisine": "south_indian",
        "delivery": "yes",
        "description": "Simple chain destination for Biryanis",
        "name": "Dindigul Thalappakatti Restaurant",
        "opening_hours": "Mo-Su 11:00-23:00",
        "phone": "+914443581491",
        "takeaway": "yes",
        "website": "https://thalappakatti.com/"
      },
      "geometry": {
        "type": "Point",
        "coordinates": [
          80.2095947,
          13.0823097
        ]
      },
      "id": "node/4948882565"
    },
    {
      "type": "Feature",
      "properties": {
        "@id": "node/4948911363",
        "addr:housenumber": "No: 221",
        "addr:street": "TBR Tower, Near Ayyappa Temple, 2nd Avenue, Block Y, Anna Nagar, Y Block, Anna Nagar, Chennai, Tamil Nadu 600040",
        "air_conditioning": "yes",
        "amenity": "cafe",
        "brand": "Starbucks",
        "brand:pa": "ਸਟਾਰਬਕਸ",
        "brand:ur": "اسٹاربکس",
        "brand:wikidata": "Q37158",
        "brand:wikipedia": "en:Starbucks",
        "cuisine": "coffee_shop",
        "description": "Seattle based Coffeehouse chain",
        "indoor_seating": "yes",
        "internet_access": "wlan",
        "internet_access:fee": "no",
        "level": "0",
        "name": "Starbucks",
        "name:pa": "ਸਟਾਰਬਕਸ",
        "name:ur": "اسٹاربکس",
        "official_name": "Starbucks Coffee",
        "official_name:pa": "ਸਟਾਰਬਕਸ ਕੌਫੀ",
        "official_name:ur": "اسٹاربکس کافی",
        "opening_hours": "Mo-Su 09:00-23:00",
        "outdoor_seating": "yes",
        "phone": "+918939867915",
        "takeaway": "yes",
        "website": "https://www.starbucks.in/",
        "wheelchair": "no"
      },
      "geometry": {
        "type": "Point",
        "coordinates": [
          80.2124356,
          13.0850924
        ]
      },
      "id": "node/4948911363"
    },
    {
      "type": "Feature",
      "properties": {
        "@id": "node/4948937229",
        "addr:street": "Ram Nagar Road, Dr. JJ Nagar, J J Nagar, Mogappair East, Chennai, Tamil Nadu 600037",
        "amenity": "restaurant",
        "description": "Self Service Non A/c Pure Vegetarian Restaurant",
        "diet:vegetarian": "only",
        "name": "Ganga Pure Vegetarian Restaurant",
        "name:ta": "கங்கா சைவ உணவகம்",
        "opening_hours": "Mo-Su 07:00-22:00",
        "phone": "+91444263 9996"
      },
      "geometry": {
        "type": "Point",
        "coordinates": [
          80.1880112,
          13.0870968
        ]
      },
      "id": "node/4948937229"
    },
    {
      "type": "Feature",
      "properties": {
        "@id": "node/5079356668",
        "amenity": "cafe",
        "name": "Impala Food center"
      },
      "geometry": {
        "type": "Point",
        "coordinates": [
          80.2619973,
          13.0775405
        ]
      },
      "id": "node/5079356668"
    },
    {
      "type": "Feature",
      "properties": {
        "@id": "node/5079379086",
        "amenity": "restaurant",
        "brand": "Buhari",
        "name": "புஹாரி",
        "name:ta": "புஹாரி"
      },
      "geometry": {
        "type": "Point",
        "coordinates": [
          80.2615255,
          13.0777234
        ]
      },
      "id": "node/5079379086"
    },
    {
      "type": "Feature",
      "properties": {
        "@id": "node/5087493222",
        "amenity": "restaurant",
        "name": "Dindigul Thalapakatti",
        "name:en": "Dindigul Thalapakatti"
      },
      "geometry": {
        "type": "Point",
        "coordinates": [
          80.1431434,
          12.9227395
        ]
      },
      "id": "node/5087493222"
    },
    {
      "type": "Feature",
      "properties": {
        "@id": "node/5087493230",
        "amenity": "restaurant",
        "name": "Balaji bhavan",
        "name:en": "Balaji bhavan"
      },
      "geometry": {
        "type": "Point",
        "coordinates": [
          80.1271614,
          12.9230901
        ]
      },
      "id": "node/5087493230"
    },
    {
      "type": "Feature",
      "properties": {
        "@id": "node/5087493323",
        "amenity": "restaurant",
        "name": "LOIEE",
        "name:en": "LOIEE"
      },
      "geometry": {
        "type": "Point",
        "coordinates": [
          80.1496278,
          12.9225129
        ]
      },
      "id": "node/5087493323"
    },
    {
      "type": "Feature",
      "properties": {
        "@id": "node/5087493325",
        "amenity": "restaurant",
        "name": "Karandai veg restaurant",
        "name:en": "Karandai veg restaurant"
      },
      "geometry": {
        "type": "Point",
        "coordinates": [
          80.1410594,
          12.9225701
        ]
      },
      "id": "node/5087493325"
    },
    {
      "type": "Feature",
      "properties": {
        "@id": "node/5090925922",
        "amenity": "cafe",
        "brand": "Cafe Coffee Day",
        "brand:wikidata": "Q5017235",
        "cuisine": "coffee_shop",
        "name": "Cafe Coffee Day",
        "takeaway": "yes"
      },
      "geometry": {
        "type": "Point",
        "coordinates": [
          80.1615625,
          12.9226942
        ]
      },
      "id": "node/5090925922"
    },
    {
      "type": "Feature",
      "properties": {
        "@id": "node/5091446921",
        "amenity": "cafe",
        "description": "Inside Hindustan university campus. Snacks and drinks.",
        "name": "Cafe melange, coffees and more",
        "opening_hours": "Mo-Sa 09:30-18:30",
        "wheelchair": "no"
      },
      "geometry": {
        "type": "Point",
        "coordinates": [
          80.2285377,
          12.7987291
        ]
      },
      "id": "node/5091446921"
    },
    {
      "type": "Feature",
      "properties": {
        "@id": "node/5093955945",
        "amenity": "restaurant",
        "description": "free home delivery, contact phone number",
        "diet:vegetarian": "only",
        "name": "Aruna Bhavan vegetarian restaurant",
        "phone": "+91 80125 87755;+91 80125 87757"
      },
      "geometry": {
        "type": "Point",
        "coordinates": [
          80.2281164,
          12.8993075
        ]
      },
      "id": "node/5093955945"
    },
    {
      "type": "Feature",
      "properties": {
        "@id": "node/5093965008",
        "amenity": "restaurant",
        "name": "Hotel Valli Murugan Veg"
      },
      "geometry": {
        "type": "Point",
        "coordinates": [
          80.228151,
          12.8989609
        ]
      },
      "id": "node/5093965008"
    },
    {
      "type": "Feature",
      "properties": {
        "@id": "node/5093965223",
        "amenity": "cafe",
        "name": "My bakers juice shop"
      },
      "geometry": {
        "type": "Point",
        "coordinates": [
          80.2280206,
          12.8988584
        ]
      },
      "id": "node/5093965223"
    },
    {
      "type": "Feature",
      "properties": {
        "@id": "node/5110696900",
        "amenity": "cafe",
        "name": "Garage cafe",
        "opening_hours": "Mo-Sa 08:30-07:00",
        "wheelchair": "yes"
      },
      "geometry": {
        "type": "Point",
        "coordinates": [
          80.2260651,
          12.8009452
        ]
      },
      "id": "node/5110696900"
    },
    {
      "type": "Feature",
      "properties": {
        "@id": "node/5145203104",
        "amenity": "restaurant",
        "cuisine": "Chicken_Biryani",
        "description": "Chicken Biryani, Fast Foods\nHalal",
        "name": "Royal Restaurant"
      },
      "geometry": {
        "type": "Point",
        "coordinates": [
          80.2237528,
          12.8037192
        ]
      },
      "id": "node/5145203104"
    },
    {
      "type": "Feature",
      "properties": {
        "@id": "node/5146968858",
        "amenity": "restaurant",
        "name": "Raaman Pure veg"
      },
      "geometry": {
        "type": "Point",
        "coordinates": [
          80.2240784,
          12.805606
        ]
      },
      "id": "node/5146968858"
    },
    {
      "type": "Feature",
      "properties": {
        "@id": "node/5146968859",
        "amenity": "cafe",
        "name": "Raaman Coffee Bar"
      },
      "geometry": {
        "type": "Point",
        "coordinates": [
          80.2240897,
          12.8056195
        ]
      },
      "id": "node/5146968859"
    },
    {
      "type": "Feature",
      "properties": {
        "@id": "node/5146968864",
        "amenity": "restaurant",
        "name": "Jaza"
      },
      "geometry": {
        "type": "Point",
        "coordinates": [
          80.2243978,
          12.806052
        ]
      },
      "id": "node/5146968864"
    },
    {
      "type": "Feature",
      "properties": {
        "@id": "node/5147014554",
        "amenity": "restaurant",
        "cuisine": "chinese;Briyani;Poratta",
        "description": "Party Orders Undertaken",
        "name": "Bismi Non-Veg",
        "phone": "8754531068"
      },
      "geometry": {
        "type": "Point",
        "coordinates": [
          80.2248356,
          12.8065401
        ]
      },
      "id": "node/5147014554"
    },
    {
      "type": "Feature",
      "properties": {
        "@id": "node/5198139026",
        "amenity": "restaurant",
        "diet:vegetarian": "yes",
        "name:en": "Abbirami restaurant"
      },
      "geometry": {
        "type": "Point",
        "coordinates": [
          80.2577919,
          13.0747212
        ]
      },
      "id": "node/5198139026"
    },
    {
      "type": "Feature",
      "properties": {
        "@id": "node/5227400230",
        "addr:city": "Thirumangalam, Chennai",
        "addr:postcode": "600040",
        "addr:street": "2nd Avenue,  Nehru Nagar, Anna Nagar",
        "amenity": "restaurant",
        "description": "Ward 99",
        "name": "Amma Unavagam",
        "name:en": "Amma Unavagam",
        "name:ta": "அம்மா உணவகம்",
        "operator": "Government",
        "outdoor_seating": "no"
      },
      "geometry": {
        "type": "Point",
        "coordinates": [
          80.1989719,
          13.0852612
        ]
      },
      "id": "node/5227400230"
    },
    {
      "type": "Feature",
      "properties": {
        "@id": "node/5229679251",
        "amenity": "restaurant",
        "name": "Day Night Restaurant"
      },
      "geometry": {
        "type": "Point",
        "coordinates": [
          80.0660893,
          13.1207533
        ]
      },
      "id": "node/5229679251"
    },
    {
      "type": "Feature",
      "properties": {
        "@id": "node/5229698418",
        "addr:city": "chennai",
        "addr:housenumber": "38/1",
        "addr:postcode": "600042",
        "addr:street": "Velachery Bypass Road,Velacherry",
        "amenity": "restaurant",
        "brand": "Dindigul Thalappakatti Restaurant",
        "brand:wikidata": "Q16312263",
        "cuisine": "south_indian",
        "delivery": "yes",
        "name": "Dindigul Thalappakatti Restaurant",
        "opening_hours": "Mo-Su 10:00-13:00",
        "takeaway": "yes"
      },
      "geometry": {
        "type": "Point",
        "coordinates": [
          80.2193289,
          12.9774267
        ]
      },
      "id": "node/5229698418"
    },
    {
      "type": "Feature",
      "properties": {
        "@id": "node/5229774271",
        "addr:city": "Chennai",
        "addr:postcode": "600119",
        "addr:street": "Kalaingar Karunanidhi Salai",
        "amenity": "restaurant",
        "capacity": "25",
        "cuisine": "biriyani",
        "name": "Kooraikadai Biriyani Center",
        "opening_hours": "Mo-Su 10:00-20:00",
        "outdoor_seating": "no",
        "takeaway": "yes"
      },
      "geometry": {
        "type": "Point",
        "coordinates": [
          80.2308112,
          12.9009495
        ]
      },
      "id": "node/5229774271"
    },
    {
      "type": "Feature",
      "properties": {
        "@id": "node/5229778052",
        "addr:city": "Chennai",
        "addr:postcode": "600119",
        "addr:street": "Kalaingar Karunanidhi Salai",
        "amenity": "restaurant",
        "capacity": "15",
        "cuisine": "Biriyani;Kebab;Tandoori;etc",
        "delivery": "no",
        "name": "al-bake",
        "outdoor_seating": "no"
      },
      "geometry": {
        "type": "Point",
        "coordinates": [
          80.2322854,
          12.9009425
        ]
      },
      "id": "node/5229778052"
    },
    {
      "type": "Feature",
      "properties": {
        "@id": "node/5230272395",
        "addr:city": "Chennai",
        "addr:housenumber": "29",
        "addr:postcode": "600017",
        "addr:street": "Thirumalai Pillai Road, Thirumurthy Nagar, Parthasarathi Puram, T Nagar",
        "amenity": "restaurant",
        "name": "Hotel Sabari"
      },
      "geometry": {
        "type": "Point",
        "coordinates": [
          80.2400944,
          13.0474926
        ]
      },
      "id": "node/5230272395"
    },
    {
      "type": "Feature",
      "properties": {
        "@id": "node/5230348879",
        "amenity": "restaurant",
        "name": "Saardar ji Kulfi"
      },
      "geometry": {
        "type": "Point",
        "coordinates": [
          80.2559976,
          12.9877999
        ]
      },
      "id": "node/5230348879"
    },
    {
      "type": "Feature",
      "properties": {
        "@id": "node/5230370408",
        "addr:city": "Chennai",
        "addr:housenumber": "14",
        "addr:postcode": "600037",
        "addr:street": "Bharathi Salai, 4th Block, Mogappair West, Ambattur Industrial Estate",
        "amenity": "restaurant",
        "name": "Buhari Hotel",
        "opening_hours": "Mo-Su 11:30-23:00"
      },
      "geometry": {
        "type": "Point",
        "coordinates": [
          80.1698754,
          13.0817972
        ]
      },
      "id": "node/5230370408"
    },
    {
      "type": "Feature",
      "properties": {
        "@id": "node/5230370410",
        "addr:city": "Chennai",
        "addr:housenumber": "589-590, 2/PC3",
        "addr:postcode": "600037",
        "addr:street": "Mogappair Main Road, Mogappair West, Ambattur Industrial Estate",
        "amenity": "cafe",
        "brand": "Cafe Coffee Day",
        "brand:wikidata": "Q5017235",
        "cuisine": "coffee_shop",
        "name": "Cafe Coffee Day",
        "opening_hours": "Mo-Su 11:00-22:00",
        "takeaway": "yes"
      },
      "geometry": {
        "type": "Point",
        "coordinates": [
          80.1693209,
          13.08252
        ]
      },
      "id": "node/5230370410"
    },
    {
      "type": "Feature",
      "properties": {
        "@id": "node/5230405189",
        "addr:city": "Chennai",
        "addr:housenumber": "Plot No. 67",
        "addr:postcode": "600037",
        "addr:street": "4th Block, Mogappair West, Ambattur Industrial Estate",
        "amenity": "cafe"
      },
      "geometry": {
        "type": "Point",
        "coordinates": [
          80.1647703,
          13.080823
        ]
      },
      "id": "node/5230405189"
    },
    {
      "type": "Feature",
      "properties": {
        "@id": "node/5282323260",
        "addr:housenumber": "C44",
        "addr:street": "2nd Avenue, 12th Main Road, Anna Nagar West, Chennai - 600040",
        "amenity": "restaurant",
        "name": "Karthick Tiffen Center"
      },
      "geometry": {
        "type": "Point",
        "coordinates": [
          80.2030227,
          13.0850448
        ]
      },
      "id": "node/5282323260"
    },
    {
      "type": "Feature",
      "properties": {
        "@id": "node/5304399894",
        "amenity": "restaurant",
        "name": "Akshaya Bhavan"
      },
      "geometry": {
        "type": "Point",
        "coordinates": [
          80.1025634,
          12.9258052
        ]
      },
      "id": "node/5304399894"
    },
    {
      "type": "Feature",
      "properties": {
        "@id": "node/5310240324",
        "amenity": "restaurant",
        "name:en": "Loiee"
      },
      "geometry": {
        "type": "Point",
        "coordinates": [
          80.1264347,
          12.9258392
        ]
      },
      "id": "node/5310240324"
    },
    {
      "type": "Feature",
      "properties": {
        "@id": "node/5311605225",
        "amenity": "cafe",
        "cuisine": "juice",
        "level": "0",
        "name": "Indian Refreshing Zone",
        "outdoor_seating": "no"
      },
      "geometry": {
        "type": "Point",
        "coordinates": [
          80.1297828,
          12.9338074
        ]
      },
      "id": "node/5311605225"
    },
    {
      "type": "Feature",
      "properties": {
        "@id": "node/5318547955",
        "amenity": "restaurant",
        "name": "Nathans Cafe (Veg)"
      },
      "geometry": {
        "type": "Point",
        "coordinates": [
          80.2041095,
          13.0702196
        ]
      },
      "id": "node/5318547955"
    },
    {
      "type": "Feature",
      "properties": {
        "@id": "node/5321341203",
        "amenity": "restaurant",
        "name": "Zaffron"
      },
      "geometry": {
        "type": "Point",
        "coordinates": [
          80.2287966,
          12.8333545
        ]
      },
      "id": "node/5321341203"
    },
    {
      "type": "Feature",
      "properties": {
        "@id": "node/5321341684",
        "amenity": "cafe",
        "name": "FruitZee juice center"
      },
      "geometry": {
        "type": "Point",
        "coordinates": [
          80.228715,
          12.8338438
        ]
      },
      "id": "node/5321341684"
    },
    {
      "type": "Feature",
      "properties": {
        "@id": "node/5321342005",
        "amenity": "restaurant",
        "name": "Nivis's kitchen"
      },
      "geometry": {
        "type": "Point",
        "coordinates": [
          80.228613,
          12.8334163
        ]
      },
      "id": "node/5321342005"
    },
    {
      "type": "Feature",
      "properties": {
        "@id": "node/5321370397",
        "amenity": "restaurant",
        "name": "De cafe"
      },
      "geometry": {
        "type": "Point",
        "coordinates": [
          80.2286614,
          12.8341413
        ]
      },
      "id": "node/5321370397"
    },
    {
      "type": "Feature",
      "properties": {
        "@id": "node/5321371055",
        "amenity": "cafe",
        "name": "French loaf"
      },
      "geometry": {
        "type": "Point",
        "coordinates": [
          80.2286747,
          12.8340803
        ]
      },
      "id": "node/5321371055"
    },
    {
      "type": "Feature",
      "properties": {
        "@id": "node/5326981421",
        "amenity": "restaurant",
        "cuisine": "local",
        "name:en": "Murugan Idli Shop"
      },
      "geometry": {
        "type": "Point",
        "coordinates": [
          80.2353398,
          13.0425459
        ]
      },
      "id": "node/5326981421"
    },
    {
      "type": "Feature",
      "properties": {
        "@id": "node/5332423485",
        "amenity": "restaurant",
        "name": "Buhari Hotel"
      },
      "geometry": {
        "type": "Point",
        "coordinates": [
          80.2535154,
          12.9425654
        ]
      },
      "id": "node/5332423485"
    },
    {
      "type": "Feature",
      "properties": {
        "@id": "node/5332452322",
        "amenity": "restaurant",
        "name": "Hotel Bharani (Veg)"
      },
      "geometry": {
        "type": "Point",
        "coordinates": [
          80.2561491,
          12.9913488
        ]
      },
      "id": "node/5332452322"
    },
    {
      "type": "Feature",
      "properties": {
        "@id": "node/5332620121",
        "amenity": "restaurant",
        "name:en": "Good Earth LATITUDE"
      },
      "geometry": {
        "type": "Point",
        "coordinates": [
          80.2511875,
          13.0591012
        ]
      },
      "id": "node/5332620121"
    },
    {
      "type": "Feature",
      "properties": {
        "@id": "node/5355838817",
        "amenity": "restaurant",
        "name": "Sri Ganesh Bhavan (veg)"
      },
      "geometry": {
        "type": "Point",
        "coordinates": [
          80.2061789,
          13.0196561
        ]
      },
      "id": "node/5355838817"
    },
    {
      "type": "Feature",
      "properties": {
        "@id": "node/5367536436",
        "amenity": "restaurant"
      },
      "geometry": {
        "type": "Point",
        "coordinates": [
          80.1837764,
          13.0155329
        ]
      },
      "id": "node/5367536436"
    },
    {
      "type": "Feature",
      "properties": {
        "@id": "node/5372357422",
        "amenity": "cafe",
        "name:en": "Liba cafeteriya"
      },
      "geometry": {
        "type": "Point",
        "coordinates": [
          80.23652,
          13.0590233
        ]
      },
      "id": "node/5372357422"
    },
    {
      "type": "Feature",
      "properties": {
        "@id": "node/5372361522",
        "amenity": "cafe",
        "name:en": "Liba cafe"
      },
      "geometry": {
        "type": "Point",
        "coordinates": [
          80.2365159,
          13.0589332
        ]
      },
      "id": "node/5372361522"
    },
    {
      "type": "Feature",
      "properties": {
        "@id": "node/5393427427",
        "amenity": "restaurant",
        "name": "Ananda veg restaurant"
      },
      "geometry": {
        "type": "Point",
        "coordinates": [
          80.2511081,
          13.0365816
        ]
      },
      "id": "node/5393427427"
    },
    {
      "type": "Feature",
      "properties": {
        "@id": "node/5393429271",
        "amenity": "restaurant",
        "name": "Sangeetha veg restaurant"
      },
      "geometry": {
        "type": "Point",
        "coordinates": [
          80.2493101,
          13.0354735
        ]
      },
      "id": "node/5393429271"
    },
    {
      "type": "Feature",
      "properties": {
        "@id": "node/5400381037",
        "amenity": "restaurant",
        "brand": "Adyar Ananda Bhavan",
        "brand:wikidata": "Q15178238",
        "name": "Adyar Ananda Bhavan",
        "shop": "confectionery"
      },
      "geometry": {
        "type": "Point",
        "coordinates": [
          80.20342,
          13.0713977
        ]
      },
      "id": "node/5400381037"
    },
    {
      "type": "Feature",
      "properties": {
        "@id": "node/5400382374",
        "amenity": "restaurant",
        "name": "Namma Veedu Vasantha Bhavan"
      },
      "geometry": {
        "type": "Point",
        "coordinates": [
          80.2117342,
          13.0572287
        ]
      },
      "id": "node/5400382374"
    },
    {
      "type": "Feature",
      "properties": {
        "@id": "node/5570584565",
        "amenity": "cafe",
        "cuisine": "Tea and Snacks",
        "name": "Tea Shop"
      },
      "geometry": {
        "type": "Point",
        "coordinates": [
          80.2294284,
          12.9811251
        ]
      },
      "id": "node/5570584565"
    },
    {
      "type": "Feature",
      "properties": {
        "@id": "node/5608483795",
        "addr:street": "Crescent Park 1st Main Road, Gandhi Nagar, Adayar, Chennai",
        "amenity": "restaurant",
        "cuisine": "indian",
        "name": "Sorgam"
      },
      "geometry": {
        "type": "Point",
        "coordinates": [
          80.2539436,
          13.0113027
        ]
      },
      "id": "node/5608483795"
    },
    {
      "type": "Feature",
      "properties": {
        "@id": "node/5617256366",
        "addr:city": "chennai",
        "addr:postcode": "600122",
        "addr:street": "Periyapenichery, kundrathur Main road",
        "amenity": "restaurant",
        "name": "goory kitchens"
      },
      "geometry": {
        "type": "Point",
        "coordinates": [
          80.1304949,
          13.0121464
        ]
      },
      "id": "node/5617256366"
    },
    {
      "type": "Feature",
      "properties": {
        "@id": "node/5617285427",
        "addr:city": "chennai",
        "addr:postcode": "600122",
        "addr:street": "Periyapenichery Kundrathur Main Road",
        "amenity": "restaurant",
        "name": "Lakshmi chips"
      },
      "geometry": {
        "type": "Point",
        "coordinates": [
          80.1302059,
          13.0119921
        ]
      },
      "id": "node/5617285427"
    },
    {
      "type": "Feature",
      "properties": {
        "@id": "node/5617285433",
        "addr:city": "chennai",
        "addr:postcode": "600122",
        "addr:street": "Kundrathur Main Road periyapanicheery",
        "amenity": "restaurant",
        "name": "Thipikaa hotel"
      },
      "geometry": {
        "type": "Point",
        "coordinates": [
          80.1301773,
          13.0120072
        ]
      },
      "id": "node/5617285433"
    },
    {
      "type": "Feature",
      "properties": {
        "@id": "node/5617333880",
        "addr:city": "Chennai",
        "addr:street": "Mount Poonamallee Highway",
        "amenity": "restaurant",
        "name": "shri om hottel"
      },
      "geometry": {
        "type": "Point",
        "coordinates": [
          80.1761226,
          13.0251187
        ]
      },
      "id": "node/5617333880"
    },
    {
      "type": "Feature",
      "properties": {
        "@id": "node/5617342892",
        "addr:city": "Chennai",
        "addr:street": "Mount Poonamallee Highway",
        "amenity": "restaurant",
        "capacity": "25",
        "name": "K.k food shop",
        "takeaway": "yes"
      },
      "geometry": {
        "type": "Point",
        "coordinates": [
          80.1759143,
          13.0256747
        ]
      },
      "id": "node/5617342892"
    },
    {
      "type": "Feature",
      "properties": {
        "@id": "node/5617351534",
        "addr:city": "Chennai",
        "addr:street": "Mount Poonamallee Highway",
        "amenity": "restaurant",
        "capacity": "35",
        "name": "SRE BHAVAN",
        "smoking": "no",
        "takeaway": "yes"
      },
      "geometry": {
        "type": "Point",
        "coordinates": [
          80.1759233,
          13.0256218
        ]
      },
      "id": "node/5617351534"
    },
    {
      "type": "Feature",
      "properties": {
        "@id": "node/5617370037",
        "addr:city": "chennai",
        "addr:street": "Mount Poonamallee Highway",
        "amenity": "restaurant",
        "capacity": "05",
        "delivery": "yes",
        "name": "Goly pav no 1",
        "smoking": "no",
        "takeaway": "yes"
      },
      "geometry": {
        "type": "Point",
        "coordinates": [
          80.1610851,
          13.0335073
        ]
      },
      "id": "node/5617370037"
    },
    {
      "type": "Feature",
      "properties": {
        "@id": "node/5631872252",
        "amenity": "restaurant"
      },
      "geometry": {
        "type": "Point",
        "coordinates": [
          80.2221332,
          13.0205073
        ]
      },
      "id": "node/5631872252"
    },
    {
      "type": "Feature",
      "properties": {
        "@id": "node/5631872258",
        "amenity": "restaurant"
      },
      "geometry": {
        "type": "Point",
        "coordinates": [
          80.2245284,
          13.0210587
        ]
      },
      "id": "node/5631872258"
    },
    {
      "type": "Feature",
      "properties": {
        "@id": "node/5631872259",
        "addr:city": "Chennai",
        "addr:housenumber": "13",
        "addr:postcode": "600033",
        "addr:street": "Vandiakran Street",
        "amenity": "restaurant",
        "capacity": "30",
        "cuisine": "regional",
        "delivery": "yes",
        "name": "AL MYSHIESHA RESTAURANT",
        "outdoor_seating": "no",
        "smoking": "no",
        "takeaway": "yes"
      },
      "geometry": {
        "type": "Point",
        "coordinates": [
          80.224007,
          13.0288445
        ]
      },
      "id": "node/5631872259"
    },
    {
      "type": "Feature",
      "properties": {
        "@id": "node/5631872267",
        "addr:city": "Saidapet",
        "addr:postcode": "600033",
        "addr:street": "Govindan Road",
        "amenity": "cafe",
        "cuisine": "coffee_shop",
        "internet_access": "yes",
        "smoking": "no"
      },
      "geometry": {
        "type": "Point",
        "coordinates": [
          80.2227985,
          13.0314265
        ]
      },
      "id": "node/5631872267"
    },
    {
      "type": "Feature",
      "properties": {
        "@id": "node/5649401606",
        "addr:housenumber": "65/5",
        "addr:street": "Dr Radhakrishnan Salai",
        "amenity": "cafe",
        "cuisine": "breakfast;coffee_shop",
        "diet:vegan": "yes",
        "name:en": "Brew Room",
        "website": "https://saverahotel.com/"
      },
      "geometry": {
        "type": "Point",
        "coordinates": [
          80.2615074,
          13.0454715
        ]
      },
      "id": "node/5649401606"
    },
    {
      "type": "Feature",
      "properties": {
        "@id": "node/5653260321",
        "amenity": "cafe",
        "brand": "Starbucks",
        "brand:pa": "ਸਟਾਰਬਕਸ",
        "brand:ur": "اسٹاربکس",
        "brand:wikidata": "Q37158",
        "brand:wikipedia": "en:Starbucks",
        "cuisine": "coffee_shop",
        "name": "Starbucks",
        "name:pa": "ਸਟਾਰਬਕਸ",
        "name:ur": "اسٹاربکس",
        "official_name": "Starbucks Coffee",
        "official_name:pa": "ਸਟਾਰਬਕਸ ਕੌਫੀ",
        "official_name:ur": "اسٹاربکس کافی",
        "shop": "bakery",
        "takeaway": "yes"
      },
      "geometry": {
        "type": "Point",
        "coordinates": [
          80.2485711,
          13.029281
        ]
      },
      "id": "node/5653260321"
    },
    {
      "type": "Feature",
      "properties": {
        "@id": "node/5672728830",
        "addr:street": "OMR",
        "amenity": "restaurant",
        "name": "Amma Unavagam",
        "opening_hours": "Mo-Fr, Su 18:00-21:00"
      },
      "geometry": {
        "type": "Point",
        "coordinates": [
          80.2332305,
          12.9341202
        ]
      },
      "id": "node/5672728830"
    },
    {
      "type": "Feature",
      "properties": {
        "@id": "node/5737223329",
        "amenity": "restaurant",
        "name": "Kova Alankar Vilas"
      },
      "geometry": {
        "type": "Point",
        "coordinates": [
          80.2675812,
          13.0808614
        ]
      },
      "id": "node/5737223329"
    },
    {
      "type": "Feature",
      "properties": {
        "@id": "node/5744866562",
        "amenity": "restaurant",
        "name": "Rawther Restaurant"
      },
      "geometry": {
        "type": "Point",
        "coordinates": [
          80.256646,
          13.0689007
        ]
      },
      "id": "node/5744866562"
    },
    {
      "type": "Feature",
      "properties": {
        "@id": "node/5744866568",
        "amenity": "cafe",
        "name": "IndCafe"
      },
      "geometry": {
        "type": "Point",
        "coordinates": [
          80.2563969,
          13.0680696
        ]
      },
      "id": "node/5744866568"
    },
    {
      "type": "Feature",
      "properties": {
        "@id": "node/5744866570",
        "addr:housenumber": "59",
        "addr:postcode": "600008",
        "addr:street": "Pantheon Road",
        "amenity": "restaurant",
        "cuisine": "barbecue",
        "name": "Palmshore"
      },
      "geometry": {
        "type": "Point",
        "coordinates": [
          80.2572161,
          13.0695817
        ]
      },
      "id": "node/5744866570"
    },
    {
      "type": "Feature",
      "properties": {
        "@id": "node/5873481587",
        "addr:postcode": "600044",
        "addr:street": "Lakshmi Nagar, Santhi Nagar",
        "amenity": "restaurant",
        "name": "Anjappar Chetinad Restaurant",
        "name:en": "Hotel Varshaa Bhavan",
        "opening_hours": "Mo-Su 08:00-22:50",
        "phone": "+91-97898-91798"
      },
      "geometry": {
        "type": "Point",
        "coordinates": [
          80.1420885,
          12.9536862
        ]
      },
      "id": "node/5873481587"
    },
    {
      "type": "Feature",
      "properties": {
        "@id": "node/5892971289",
        "amenity": "cafe",
        "cuisine": "italian",
        "name": "Point A"
      },
      "geometry": {
        "type": "Point",
        "coordinates": [
          80.0337561,
          13.0299283
        ]
      },
      "id": "node/5892971289"
    },
    {
      "type": "Feature",
      "properties": {
        "@id": "node/5893297972",
        "amenity": "restaurant",
        "name": "Hot chips, OMR Food Street, GST Road, Guduvancheri"
      },
      "geometry": {
        "type": "Point",
        "coordinates": [
          80.0488734,
          12.8332263
        ]
      },
      "id": "node/5893297972"
    },
    {
      "type": "Feature",
      "properties": {
        "@id": "node/5909601885",
        "amenity": "restaurant",
        "internet_access": "wlan",
        "name:en": "Copper Cuisyn",
        "phone": "04448655777"
      },
      "geometry": {
        "type": "Point",
        "coordinates": [
          80.2596797,
          12.9836862
        ]
      },
      "id": "node/5909601885"
    },
    {
      "type": "Feature",
      "properties": {
        "@id": "node/6018924741",
        "amenity": "restaurant",
        "cuisine": "indian",
        "name": "Adayar Aandnda Bhavan(A2B)"
      },
      "geometry": {
        "type": "Point",
        "coordinates": [
          80.1992312,
          13.1705767
        ]
      },
      "id": "node/6018924741"
    },
    {
      "type": "Feature",
      "properties": {
        "@id": "node/6026311317",
        "amenity": "restaurant",
        "name": "Spicy Route"
      },
      "geometry": {
        "type": "Point",
        "coordinates": [
          80.226607,
          12.8429293
        ]
      },
      "id": "node/6026311317"
    },
    {
      "type": "Feature",
      "properties": {
        "@id": "node/6026311321",
        "amenity": "restaurant",
        "cuisine": "indian",
        "level": "1",
        "name": "The Square",
        "operator": "Accor",
        "smoking": "no",
        "takeaway": "no",
        "toilets": "yes",
        "toilets:access": "customers",
        "wheelchair": "limited"
      },
      "geometry": {
        "type": "Point",
        "coordinates": [
          80.2303494,
          12.8311626
        ]
      },
      "id": "node/6026311321"
    },
    {
      "type": "Feature",
      "properties": {
        "@id": "node/6039274064",
        "amenity": "restaurant",
        "name": "Food Finger"
      },
      "geometry": {
        "type": "Point",
        "coordinates": [
          80.1932926,
          13.087552
        ]
      },
      "id": "node/6039274064"
    },
    {
      "type": "Feature",
      "properties": {
        "@id": "node/6039331089",
        "addr:street": "TNHB Complex, Anna nagar west",
        "amenity": "restaurant",
        "name": "Hotel Bhukara"
      },
      "geometry": {
        "type": "Point",
        "coordinates": [
          80.1980697,
          13.0874492
        ]
      },
      "id": "node/6039331089"
    },
    {
      "type": "Feature",
      "properties": {
        "@id": "node/6057945755",
        "amenity": "cafe",
        "brand": "Starbucks",
        "brand:pa": "ਸਟਾਰਬਕਸ",
        "brand:ur": "اسٹاربکس",
        "brand:wikidata": "Q37158",
        "brand:wikipedia": "en:Starbucks",
        "cuisine": "coffee_shop",
        "name": "Starbucks",
        "name:pa": "ਸਟਾਰਬਕਸ",
        "name:ur": "اسٹاربکس",
        "official_name": "Starbucks Coffee",
        "official_name:pa": "ਸਟਾਰਬਕਸ ਕੌਫੀ",
        "official_name:ur": "اسٹاربکس کافی",
        "shop": "coffee",
        "takeaway": "yes"
      },
      "geometry": {
        "type": "Point",
        "coordinates": [
          80.2484733,
          13.0292984
        ]
      },
      "id": "node/6057945755"
    },
    {
      "type": "Feature",
      "properties": {
        "@id": "node/6186662086",
        "addr:street": "339, Triplicane High Rd, Indra Nagar, Ellis Puram, Padupakkam, Triplicane, Chennai, Tamil Nadu 600005, India",
        "amenity": "restaurant",
        "name:en": "Hotel Sree Bhavan",
        "opening_hours": "Mo-Su 07:00-23:00"
      },
      "geometry": {
        "type": "Point",
        "coordinates": [
          80.2737743,
          13.065415
        ]
      },
      "id": "node/6186662086"
    },
    {
      "type": "Feature",
      "properties": {
        "@id": "node/6187778766",
        "addr:city": "Chennai",
        "addr:housenumber": "17/9",
        "addr:postcode": "600020",
        "addr:street": "Kasturibai Nagar 1st Cross Street",
        "amenity": "restaurant",
        "cuisine": "regional;indian",
        "diet:vegan": "yes",
        "diet:vegetarian": "only",
        "name": "KrishnaVillasam",
        "source": "https://www.facebook.com/pg/KrishnavillasamCh",
        "wheelchair": "yes"
      },
      "geometry": {
        "type": "Point",
        "coordinates": [
          80.2547297,
          13.0048142
        ]
      },
      "id": "node/6187778766"
    },
    {
      "type": "Feature",
      "properties": {
        "@id": "node/6189376385",
        "addr:street": "Velachery - Tambaram Main Road",
        "amenity": "restaurant",
        "name:en": "Chettinese comboresturant"
      },
      "geometry": {
        "type": "Point",
        "coordinates": [
          80.1387429,
          12.9224861
        ]
      },
      "id": "node/6189376385"
    },
    {
      "type": "Feature",
      "properties": {
        "@id": "node/6223302386",
        "addr:housenumber": "257",
        "addr:postcode": "60005",
        "addr:street": "Bharathi Salai",
        "amenity": "restaurant",
        "name:en": "Amirunnisa Biriyani"
      },
      "geometry": {
        "type": "Point",
        "coordinates": [
          80.2741366,
          13.0589649
        ]
      },
      "id": "node/6223302386"
    },
    {
      "type": "Feature",
      "properties": {
        "@id": "node/6235479733",
        "addr:city": "Chennai",
        "addr:postcode": "600017",
        "addr:street": "Gopathi Narayanaswami Road",
        "amenity": "restaurant",
        "capacity": "50",
        "cuisine": "noodle",
        "diet:vegetarian": "yes",
        "name": "Noodle Theory",
        "opening_hours": "Mo-Su 09:00-21:00",
        "outdoor_seating": "no",
        "wheelchair": "yes"
      },
      "geometry": {
        "type": "Point",
        "coordinates": [
          80.2408779,
          13.0456112
        ]
      },
      "id": "node/6235479733"
    },
    {
      "type": "Feature",
      "properties": {
        "@id": "node/6261227886",
        "addr:street": "Adithanar Road",
        "amenity": "restaurant",
        "name:en": "Cafe green"
      },
      "geometry": {
        "type": "Point",
        "coordinates": [
          80.2651244,
          13.0711234
        ]
      },
      "id": "node/6261227886"
    },
    {
      "type": "Feature",
      "properties": {
        "@id": "node/6269209686",
        "addr:housenumber": "22",
        "addr:postcode": "600005",
        "addr:street": "Mohamed Hussain Sahib 2nd Street",
        "amenity": "restaurant",
        "cuisine": "indian",
        "name:en": "Nair Mess"
      },
      "geometry": {
        "type": "Point",
        "coordinates": [
          80.2775228,
          13.0645766
        ]
      },
      "id": "node/6269209686"
    },
    {
      "type": "Feature",
      "properties": {
        "@id": "node/6274159285",
        "amenity": "restaurant",
        "cuisine": "noodles;fish;international;ice_cream;indian",
        "name:en": "Apple Residency Multicusine Restaurant"
      },
      "geometry": {
        "type": "Point",
        "coordinates": [
          80.2750941,
          13.0660805
        ]
      },
      "id": "node/6274159285"
    },
    {
      "type": "Feature",
      "properties": {
        "@id": "node/6274159286",
        "amenity": "restaurant",
        "cuisine": "indian",
        "name:en": "Chennai Woodlands"
      },
      "geometry": {
        "type": "Point",
        "coordinates": [
          80.2755988,
          13.0657429
        ]
      },
      "id": "node/6274159286"
    },
    {
      "type": "Feature",
      "properties": {
        "@id": "node/6274195589",
        "amenity": "restaurant",
        "cuisine": "indian",
        "name:en": "Thamiraparani"
      },
      "geometry": {
        "type": "Point",
        "coordinates": [
          80.275554,
          13.0659087
        ]
      },
      "id": "node/6274195589"
    },
    {
      "type": "Feature",
      "properties": {
        "@id": "node/6274205286",
        "amenity": "cafe",
        "name:en": "LU LU Snacks"
      },
      "geometry": {
        "type": "Point",
        "coordinates": [
          80.2752134,
          13.0660577
        ]
      },
      "id": "node/6274205286"
    },
    {
      "type": "Feature",
      "properties": {
        "@id": "node/6274215888",
        "amenity": "cafe",
        "name:en": "Lassi House"
      },
      "geometry": {
        "type": "Point",
        "coordinates": [
          80.2780404,
          13.0647608
        ]
      },
      "id": "node/6274215888"
    },
    {
      "type": "Feature",
      "properties": {
        "@id": "node/6274226287",
        "amenity": "cafe",
        "name:en": "Majestic"
      },
      "geometry": {
        "type": "Point",
        "coordinates": [
          80.2773116,
          13.0651853
        ]
      },
      "id": "node/6274226287"
    },
    {
      "type": "Feature",
      "properties": {
        "@id": "node/6274226387",
        "amenity": "cafe",
        "name:en": "Sabari Tea Stall"
      },
      "geometry": {
        "type": "Point",
        "coordinates": [
          80.2765068,
          13.0655376
        ]
      },
      "id": "node/6274226387"
    },
    {
      "type": "Feature",
      "properties": {
        "@id": "node/6274226685",
        "amenity": "cafe",
        "name:en": "Minnu Snacks"
      },
      "geometry": {
        "type": "Point",
        "coordinates": [
          80.2763125,
          13.0655942
        ]
      },
      "id": "node/6274226685"
    },
    {
      "type": "Feature",
      "properties": {
        "@id": "node/6274266785",
        "amenity": "restaurant",
        "cuisine": "indian",
        "name:en": "Ajn Ppar"
      },
      "geometry": {
        "type": "Point",
        "coordinates": [
          80.2781411,
          13.0640066
        ]
      },
      "id": "node/6274266785"
    },
    {
      "type": "Feature",
      "properties": {
        "@id": "node/6274318400",
        "amenity": "restaurant",
        "name:en": "Firdouse"
      },
      "geometry": {
        "type": "Point",
        "coordinates": [
          80.2740643,
          13.0634046
        ]
      },
      "id": "node/6274318400"
    },
    {
      "type": "Feature",
      "properties": {
        "@id": "node/6274340487",
        "amenity": "cafe",
        "name:en": "Babylon Cafe"
      },
      "geometry": {
        "type": "Point",
        "coordinates": [
          80.2738941,
          13.0654402
        ]
      },
      "id": "node/6274340487"
    },
    {
      "type": "Feature",
      "properties": {
        "@id": "node/6274341387",
        "amenity": "restaurant",
        "name:en": "A2B"
      },
      "geometry": {
        "type": "Point",
        "coordinates": [
          80.2737229,
          13.0665236
        ]
      },
      "id": "node/6274341387"
    },
    {
      "type": "Feature",
      "properties": {
        "@id": "node/6274344086",
        "amenity": "restaurant",
        "name:en": "Al Jumera"
      },
      "geometry": {
        "type": "Point",
        "coordinates": [
          80.2740626,
          13.0634528
        ]
      },
      "id": "node/6274344086"
    },
    {
      "type": "Feature",
      "properties": {
        "@id": "node/6274366692",
        "amenity": "restaurant",
        "cuisine": "arab",
        "name:en": "AJWA Arabian Dinner"
      },
      "geometry": {
        "type": "Point",
        "coordinates": [
          80.2737861,
          13.0665337
        ]
      },
      "id": "node/6274366692"
    },
    {
      "type": "Feature",
      "properties": {
        "@id": "node/6276050899",
        "amenity": "cafe",
        "name:en": "Madras Coffee House"
      },
      "geometry": {
        "type": "Point",
        "coordinates": [
          80.2114882,
          13.0509433
        ]
      },
      "id": "node/6276050899"
    },
    {
      "type": "Feature",
      "properties": {
        "@id": "node/6276224285",
        "amenity": "restaurant",
        "name:en": "Jummah Biryani"
      },
      "geometry": {
        "type": "Point",
        "coordinates": [
          80.254166,
          13.0708438
        ]
      },
      "id": "node/6276224285"
    },
    {
      "type": "Feature",
      "properties": {
        "@id": "node/6276748385",
        "amenity": "cafe",
        "check_date": "2025-08-23",
        "name:en": "Cookie Man"
      },
      "geometry": {
        "type": "Point",
        "coordinates": [
          80.1669257,
          12.984148
        ]
      },
      "id": "node/6276748385"
    },
    {
      "type": "Feature",
      "properties": {
        "@id": "node/6297565846",
        "addr:street": "T Nagar, Chennai",
        "amenity": "restaurant",
        "name": "Buhari Hotel"
      },
      "geometry": {
        "type": "Point",
        "coordinates": [
          80.2447632,
          13.0473514
        ]
      },
      "id": "node/6297565846"
    },
    {
      "type": "Feature",
      "properties": {
        "@id": "node/6300603985",
        "amenity": "restaurant",
        "name:en": "Fish N' Prawn"
      },
      "geometry": {
        "type": "Point",
        "coordinates": [
          80.2113999,
          13.0650397
        ]
      },
      "id": "node/6300603985"
    },
    {
      "type": "Feature",
      "properties": {
        "@id": "node/6313597586",
        "amenity": "restaurant",
        "name:en": "Kasi Vinayaga Mess"
      },
      "geometry": {
        "type": "Point",
        "coordinates": [
          80.2769575,
          13.0605324
        ]
      },
      "id": "node/6313597586"
    },
    {
      "type": "Feature",
      "properties": {
        "@id": "node/6313597985",
        "amenity": "restaurant",
        "name:en": "Nair Mess"
      },
      "geometry": {
        "type": "Point",
        "coordinates": [
          80.2775443,
          13.0645408
        ]
      },
      "id": "node/6313597985"
    },
    {
      "type": "Feature",
      "properties": {
        "@id": "node/6313598285",
        "amenity": "restaurant",
        "name:en": "Ganesh Mess"
      },
      "geometry": {
        "type": "Point",
        "coordinates": [
          80.2769475,
          13.060303
        ]
      },
      "id": "node/6313598285"
    },
    {
      "type": "Feature",
      "properties": {
        "@id": "node/6313846485",
        "amenity": "restaurant",
        "name": "பாரதி மெஸ்",
        "name:en": "Bharathi Mess",
        "name:ta": "பாரதி மெஸ்"
      },
      "geometry": {
        "type": "Point",
        "coordinates": [
          80.2767198,
          13.0586043
        ]
      },
      "id": "node/6313846485"
    },
    {
      "type": "Feature",
      "properties": {
        "@id": "node/6314457408",
        "amenity": "restaurant",
        "name": "Kaaraikudi Chettinad Restaurant"
      },
      "geometry": {
        "type": "Point",
        "coordinates": [
          80.2422867,
          13.0299433
        ]
      },
      "id": "node/6314457408"
    },
    {
      "type": "Feature",
      "properties": {
        "@id": "node/6356473263",
        "amenity": "restaurant",
        "name": "The Thickshake Factory"
      },
      "geometry": {
        "type": "Point",
        "coordinates": [
          80.2453529,
          13.0470852
        ]
      },
      "id": "node/6356473263"
    },
    {
      "type": "Feature",
      "properties": {
        "@id": "node/6387287262",
        "amenity": "restaurant",
        "check_date": "2019-02-23",
        "cuisine": "south_indian",
        "diet:vegetarian": "yes",
        "name": "Loiee"
      },
      "geometry": {
        "type": "Point",
        "coordinates": [
          80.1422743,
          12.9541712
        ]
      },
      "id": "node/6387287262"
    },
    {
      "type": "Feature",
      "properties": {
        "@id": "node/6442841389",
        "amenity": "cafe",
        "cuisine": "indian"
      },
      "geometry": {
        "type": "Point",
        "coordinates": [
          80.1869144,
          13.0857407
        ]
      },
      "id": "node/6442841389"
    },
    {
      "type": "Feature",
      "properties": {
        "@id": "node/6611585677",
        "amenity": "restaurant",
        "name": "Muthamiz Hotel"
      },
      "geometry": {
        "type": "Point",
        "coordinates": [
          80.2452539,
          13.1081205
        ]
      },
      "id": "node/6611585677"
    },
    {
      "type": "Feature",
      "properties": {
        "@id": "node/6637689502",
        "addr:city": "chennai",
        "addr:housenumber": "27/1, Welcome Colony,",
        "addr:postcode": "600101",
        "addr:street": "Thirumangalm, Anna Nagar West Extension,",
        "amenity": "restaurant",
        "cuisine": "ice_cream;dessert",
        "name": "The Perf Ice Candy",
        "opening_hours": "Mo-Su 11:00-21:00",
        "phone": "+919962957373"
      },
      "geometry": {
        "type": "Point",
        "coordinates": [
          80.1947286,
          13.0879425
        ]
      },
      "id": "node/6637689502"
    },
    {
      "type": "Feature",
      "properties": {
        "@id": "node/6760732842",
        "amenity": "restaurant",
        "name": "A2B"
      },
      "geometry": {
        "type": "Point",
        "coordinates": [
          80.2041932,
          13.0684153
        ]
      },
      "id": "node/6760732842"
    },
    {
      "type": "Feature",
      "properties": {
        "@id": "node/6854766085",
        "amenity": "restaurant",
        "cuisine": "indian",
        "name:en": "Vishranthi Hot Point",
        "opening_hours": "Mo-Su 07:30-21:30"
      },
      "geometry": {
        "type": "Point",
        "coordinates": [
          80.2675804,
          12.9981951
        ]
      },
      "id": "node/6854766085"
    },
    {
      "type": "Feature",
      "properties": {
        "@id": "node/6979962072",
        "addr:city": "Chennai",
        "addr:housenumber": "G4 Gee Gee Emerald",
        "addr:postcode": "600034",
        "addr:street": "Valluvar Kottam High Road",
        "air_conditioning": "yes",
        "amenity": "restaurant",
        "cuisine": "pizza;burger;italian;coffee_shop;sandwich;chinese;ice_cream;thai;american;chicken",
        "delivery": "yes",
        "name": "Blah Bistro",
        "opening_hours": "Mo-Su 10:00-23:00",
        "phone": "+91 8939813813",
        "takeaway": "yes"
      },
      "geometry": {
        "type": "Point",
        "coordinates": [
          80.243297,
          13.0654508
        ]
      },
      "id": "node/6979962072"
    },
    {
      "type": "Feature",
      "properties": {
        "@id": "node/7031887585",
        "addr:housenumber": "310",
        "addr:street": "South Mint Street",
        "amenity": "restaurant",
        "name:en": "Mehta Brothers"
      },
      "geometry": {
        "type": "Point",
        "coordinates": [
          80.2789515,
          13.0893026
        ]
      },
      "id": "node/7031887585"
    },
    {
      "type": "Feature",
      "properties": {
        "@id": "node/7054906485",
        "amenity": "restaurant",
        "name:en": "The Star Club"
      },
      "geometry": {
        "type": "Point",
        "coordinates": [
          80.2592721,
          13.0573094
        ]
      },
      "id": "node/7054906485"
    },
    {
      "type": "Feature",
      "properties": {
        "@id": "node/7056554785",
        "amenity": "restaurant",
        "cuisine": "japanese;asian",
        "name:en": "Mamagoto"
      },
      "geometry": {
        "type": "Point",
        "coordinates": [
          80.2506786,
          13.0605273
        ]
      },
      "id": "node/7056554785"
    },
    {
      "type": "Feature",
      "properties": {
        "@id": "node/7080292285",
        "amenity": "restaurant",
        "cuisine": "indian",
        "diet:vegan": "yes",
        "diet:vegetarian": "only",
        "name:en": "Veg Food Factory",
        "tourism": "hotel",
        "website": "http://www.hotelsennthur.com"
      },
      "geometry": {
        "type": "Point",
        "coordinates": [
          80.2632742,
          13.0616605
        ]
      },
      "id": "node/7080292285"
    },
    {
      "type": "Feature",
      "properties": {
        "@id": "node/7080292287",
        "amenity": "restaurant",
        "cuisine": "spanish;tapas",
        "name:en": "Sera The Tapas"
      },
      "geometry": {
        "type": "Point",
        "coordinates": [
          80.2580654,
          13.0458647
        ]
      },
      "id": "node/7080292287"
    },
    {
      "type": "Feature",
      "properties": {
        "@id": "node/7087524685",
        "amenity": "restaurant",
        "cuisine": "indian;local",
        "name": "Triplicane Ratna Cafe",
        "name:en": "Triplicane Ratna Cafe",
        "name:ta": "திருவள்ளிகேணி ரத்னா கபே",
        "opening_hours": "Mo-Su 07:30-22:00"
      },
      "geometry": {
        "type": "Point",
        "coordinates": [
          80.268977,
          13.03232
        ]
      },
      "id": "node/7087524685"
    },
    {
      "type": "Feature",
      "properties": {
        "@id": "node/7114840195",
        "addr:street": "Jawaharlal Nehru Road, Ekkattuthangal",
        "amenity": "restaurant",
        "name": "Salem RR Biriyani"
      },
      "geometry": {
        "type": "Point",
        "coordinates": [
          80.2065287,
          13.0195262
        ]
      },
      "id": "node/7114840195"
    },
    {
      "type": "Feature",
      "properties": {
        "@id": "node/7114851355",
        "addr:street": "Parthasarathy Koil Street, Ekkaatuthangal",
        "amenity": "restaurant",
        "name": "Kanchi Singu Aiyyar Bhavan"
      },
      "geometry": {
        "type": "Point",
        "coordinates": [
          80.2066863,
          13.0216123
        ]
      },
      "id": "node/7114851355"
    },
    {
      "type": "Feature",
      "properties": {
        "@id": "node/7130104985",
        "amenity": "restaurant",
        "brand": "Indian Coffee House",
        "brand:wikidata": "Q3595301",
        "cuisine": "coffee_shop;indian",
        "name": "Indian Coffee House",
        "name:en": "Indian coffee house"
      },
      "geometry": {
        "type": "Point",
        "coordinates": [
          80.1344023,
          12.9377358
        ]
      },
      "id": "node/7130104985"
    },
    {
      "type": "Feature",
      "properties": {
        "@id": "node/7130269553",
        "amenity": "restaurant"
      },
      "geometry": {
        "type": "Point",
        "coordinates": [
          80.2588035,
          13.1664434
        ]
      },
      "id": "node/7130269553"
    },
    {
      "type": "Feature",
      "properties": {
        "@id": "node/7136008686",
        "amenity": "cafe",
        "brand": "Cafe Coffee Day",
        "brand:wikidata": "Q5017235",
        "brand:wikipedia": "en:Café Coffee Day",
        "cuisine": "coffee_shop",
        "name": "Cafe Coffee Day",
        "name:en": "Cafe coffee day",
        "takeaway": "yes"
      },
      "geometry": {
        "type": "Point",
        "coordinates": [
          80.2572224,
          13.0495809
        ]
      },
      "id": "node/7136008686"
    },
    {
      "type": "Feature",
      "properties": {
        "@id": "node/7176551868",
        "amenity": "restaurant",
        "name": "Pattukotai mess"
      },
      "geometry": {
        "type": "Point",
        "coordinates": [
          80.1772279,
          13.0261003
        ]
      },
      "id": "node/7176551868"
    },
    {
      "type": "Feature",
      "properties": {
        "@id": "node/7176619367",
        "amenity": "restaurant",
        "name": "Hotel Jordan"
      },
      "geometry": {
        "type": "Point",
        "coordinates": [
          80.1805422,
          13.0314394
        ]
      },
      "id": "node/7176619367"
    },
    {
      "type": "Feature",
      "properties": {
        "@id": "node/7177268686",
        "amenity": "cafe",
        "name": "Snow Cube Cafe",
        "wheelchair": "limited"
      },
      "geometry": {
        "type": "Point",
        "coordinates": [
          80.1887998,
          12.9693611
        ]
      },
      "id": "node/7177268686"
    },
    {
      "type": "Feature",
      "properties": {
        "@id": "node/7179400524",
        "amenity": "restaurant",
        "name": "Sri Ranga Bhavan"
      },
      "geometry": {
        "type": "Point",
        "coordinates": [
          79.9996362,
          12.7521854
        ]
      },
      "id": "node/7179400524"
    },
    {
      "type": "Feature",
      "properties": {
        "@id": "node/7192792887",
        "amenity": "cafe",
        "cuisine": "tea;coffee_shop",
        "name:en": "Lamcy Cafe"
      },
      "geometry": {
        "type": "Point",
        "coordinates": [
          80.2675924,
          13.064487
        ]
      },
      "id": "node/7192792887"
    },
    {
      "type": "Feature",
      "properties": {
        "@id": "node/7222914141",
        "addr:city": "Chennai",
        "addr:country": "IN",
        "addr:housenumber": "10",
        "addr:postcode": "600006",
        "addr:street": "Haddows Road",
        "addr:suburb": "Nungambakkam",
        "amenity": "restaurant",
        "cuisine": "regional;kerala",
        "email": "info@kappachakkakandhari.com",
        "name": "Kappa Chakka Kandhari",
        "phone": "(044) 28281010",
        "reservation": "recommended",
        "website": "https://www.kappachakkakandhari.com",
        "wheelchair": "yes"
      },
      "geometry": {
        "type": "Point",
        "coordinates": [
          80.2479976,
          13.0642227
        ]
      },
      "id": "node/7222914141"
    },
    {
      "type": "Feature",
      "properties": {
        "@id": "node/7236980633",
        "amenity": "restaurant",
        "name": "Thalappakatti"
      },
      "geometry": {
        "type": "Point",
        "coordinates": [
          80.1427039,
          12.9546852
        ]
      },
      "id": "node/7236980633"
    },
    {
      "type": "Feature",
      "properties": {
        "@id": "node/7237127972",
        "amenity": "restaurant",
        "name": "Sri Ranga Bhavan"
      },
      "geometry": {
        "type": "Point",
        "coordinates": [
          80.0001927,
          12.7521208
        ]
      },
      "id": "node/7237127972"
    },
    {
      "type": "Feature",
      "properties": {
        "@id": "node/7252462953",
        "amenity": "restaurant",
        "name": "Sulthan's"
      },
      "geometry": {
        "type": "Point",
        "coordinates": [
          80.2117295,
          13.0331629
        ]
      },
      "id": "node/7252462953"
    },
    {
      "type": "Feature",
      "properties": {
        "@id": "node/7255708050",
        "amenity": "restaurant",
        "name": "Anjappar"
      },
      "geometry": {
        "type": "Point",
        "coordinates": [
          80.2485052,
          13.0557267
        ]
      },
      "id": "node/7255708050"
    },
    {
      "type": "Feature",
      "properties": {
        "@id": "node/7255753339",
        "amenity": "restaurant",
        "diet:vegetarian": "yes",
        "name": "Surabh"
      },
      "geometry": {
        "type": "Point",
        "coordinates": [
          80.2428855,
          13.0568503
        ]
      },
      "id": "node/7255753339"
    },
    {
      "type": "Feature",
      "properties": {
        "@id": "node/7255775716",
        "amenity": "cafe",
        "brand": "Cafe Coffee Day",
        "brand:wikidata": "Q5017235",
        "brand:wikipedia": "en:Café Coffee Day",
        "cuisine": "coffee_shop",
        "name": "Cafe Coffee Day",
        "takeaway": "yes"
      },
      "geometry": {
        "type": "Point",
        "coordinates": [
          80.2496804,
          13.0554045
        ]
      },
      "id": "node/7255775716"
    },
    {
      "type": "Feature",
      "properties": {
        "@id": "node/7261248830",
        "amenity": "cafe",
        "name": "Mylapore Filter Coffee"
      },
      "geometry": {
        "type": "Point",
        "coordinates": [
          80.2458215,
          13.0555258
        ]
      },
      "id": "node/7261248830"
    },
    {
      "type": "Feature",
      "properties": {
        "@id": "node/7263945405",
        "amenity": "cafe",
        "name": "Madras Coffee House"
      },
      "geometry": {
        "type": "Point",
        "coordinates": [
          80.2471927,
          13.0557506
        ]
      },
      "id": "node/7263945405"
    },
    {
      "type": "Feature",
      "properties": {
        "@id": "node/7263967744",
        "amenity": "restaurant",
        "name": "Thalappakatti"
      },
      "geometry": {
        "type": "Point",
        "coordinates": [
          80.250339,
          13.0539386
        ]
      },
      "id": "node/7263967744"
    },
    {
      "type": "Feature",
      "properties": {
        "@id": "node/7263972901",
        "amenity": "restaurant",
        "name": "Madras Curry Cup"
      },
      "geometry": {
        "type": "Point",
        "coordinates": [
          80.2494941,
          13.0533468
        ]
      },
      "id": "node/7263972901"
    },
    {
      "type": "Feature",
      "properties": {
        "@id": "node/7271141689",
        "amenity": "restaurant",
        "name": "Aathirai"
      },
      "geometry": {
        "type": "Point",
        "coordinates": [
          80.241796,
          13.0585809
        ]
      },
      "id": "node/7271141689"
    },
    {
      "type": "Feature",
      "properties": {
        "@id": "node/7277028983",
        "amenity": "restaurant",
        "name": "Amber biriyani"
      },
      "geometry": {
        "type": "Point",
        "coordinates": [
          80.1276458,
          12.93614
        ]
      },
      "id": "node/7277028983"
    },
    {
      "type": "Feature",
      "properties": {
        "@id": "node/7277049461",
        "amenity": "restaurant",
        "name": "Daalchini"
      },
      "geometry": {
        "type": "Point",
        "coordinates": [
          80.1435952,
          12.9563557
        ]
      },
      "id": "node/7277049461"
    },
    {
      "type": "Feature",
      "properties": {
        "@id": "node/7277100567",
        "amenity": "restaurant",
        "name": "Sribsabari Dosai Corner"
      },
      "geometry": {
        "type": "Point",
        "coordinates": [
          80.096075,
          12.9054421
        ]
      },
      "id": "node/7277100567"
    },
    {
      "type": "Feature",
      "properties": {
        "@id": "node/7281741286",
        "addr:city": "Chennai",
        "addr:district": "Chennai",
        "addr:housenumber": "No 7",
        "addr:postcode": "600020",
        "addr:street": "First Main Road, Gandhi Nagar, Adyar",
        "amenity": "restaurant",
        "cuisine": "coffee_shop;indian",
        "diet:vegetarian": "yes",
        "name": "Sangeeta Veg Restaurant",
        "name:en": "Sangeetha restaurant",
        "opening_hours": "7 am to 10.30 pm",
        "phone": "+91 4424426554",
        "website": "https://www.sangeethaveg.com/chennai"
      },
      "geometry": {
        "type": "Point",
        "coordinates": [
          80.0763823,
          12.8702958
        ]
      },
      "id": "node/7281741286"
    },
    {
      "type": "Feature",
      "properties": {
        "@id": "node/7281748786",
        "amenity": "restaurant",
        "name": "Komala's Restuarant",
        "name:en": "Komalas restaurant",
        "opening_hours": "Mo-Su 08:00-15:30,18:00-22:00"
      },
      "geometry": {
        "type": "Point",
        "coordinates": [
          80.0726076,
          12.860982
        ]
      },
      "id": "node/7281748786"
    },
    {
      "type": "Feature",
      "properties": {
        "@id": "node/7281749085",
        "amenity": "restaurant",
        "name": "Sangeetha Vegetarian Restaurant",
        "name:en": "Sangeetha Restaurant"
      },
      "geometry": {
        "type": "Point",
        "coordinates": [
          80.0895955,
          12.8972648
        ]
      },
      "id": "node/7281749085"
    },
    {
      "type": "Feature",
      "properties": {
        "@id": "node/7595316081",
        "amenity": "restaurant",
        "cuisine": "indian",
        "diet:vegetarian": "yes",
        "name": "Loiee Sweets & Snacks",
        "takeaway": "yes"
      },
      "geometry": {
        "type": "Point",
        "coordinates": [
          80.1427656,
          12.9104118
        ]
      },
      "id": "node/7595316081"
    },
    {
      "type": "Feature",
      "properties": {
        "@id": "node/7652395379",
        "amenity": "restaurant",
        "cuisine": "regional;indian",
        "description": "Restaurant and Sweets - Nice Ambience",
        "name": "Hotel Akshayam"
      },
      "geometry": {
        "type": "Point",
        "coordinates": [
          80.2194396,
          12.9733427
        ]
      },
      "id": "node/7652395379"
    },
    {
      "type": "Feature",
      "properties": {
        "@id": "node/7652447648",
        "amenity": "restaurant",
        "cuisine": "kebab",
        "name": "Faruzzi Multi cusine restaurant",
        "opening_hours": "Mo-Su 09:00-21:00"
      },
      "geometry": {
        "type": "Point",
        "coordinates": [
          80.1434078,
          12.9581432
        ]
      },
      "id": "node/7652447648"
    },
    {
      "type": "Feature",
      "properties": {
        "@id": "node/7652499552",
        "addr:city": "Chrompet",
        "addr:postcode": "600044",
        "addr:street": "Grand Southern Trunk Road",
        "air_conditioning": "yes",
        "amenity": "restaurant",
        "cuisine": "indian",
        "delivery": "yes",
        "name": "Yaa Mohaideen",
        "opening_hours": "Mo-Su 11:30-21:00",
        "opening_hours:covid19": "Mo-Sa 09:00-18:00",
        "outdoor_seating": "no",
        "phone": "+91 44 4854 1717",
        "website": "https://yaamohaideenbriyani.com/"
      },
      "geometry": {
        "type": "Point",
        "coordinates": [
          80.1473952,
          12.9645381
        ]
      },
      "id": "node/7652499552"
    },
    {
      "type": "Feature",
      "properties": {
        "@id": "node/7652633327",
        "addr:city": "Chennai",
        "addr:housenumber": "31/69, 7th Ave, Sarvamangala Colony, Indira Colony,",
        "addr:postcode": "600083",
        "addr:street": "7th Avenue",
        "amenity": "restaurant",
        "cuisine": "south_indian;north_indian",
        "name": "Hotel Tiruchendur Mani Iyer",
        "phone": "+919487746344"
      },
      "geometry": {
        "type": "Point",
        "coordinates": [
          80.2162828,
          13.034046
        ]
      },
      "id": "node/7652633327"
    },
    {
      "type": "Feature",
      "properties": {
        "@id": "node/7652633329",
        "addr:city": "Chennai",
        "addr:housenumber": "sarvamangalam colony",
        "addr:postcode": "600083",
        "addr:street": "10th Avenue",
        "amenity": "cafe",
        "name": "New Ganesh Cafe",
        "phone": "+914442316555"
      },
      "geometry": {
        "type": "Point",
        "coordinates": [
          80.2169077,
          13.0340735
        ]
      },
      "id": "node/7652633329"
    },
    {
      "type": "Feature",
      "properties": {
        "@id": "node/7652633330",
        "addr:city": "Chennai",
        "addr:housenumber": "sarvamangalam colony",
        "addr:postcode": "600083",
        "addr:street": "10th Avenue",
        "amenity": "restaurant",
        "name": "Wheels on Fire",
        "opening_hours": "5-11 pm"
      },
      "geometry": {
        "type": "Point",
        "coordinates": [
          80.2171992,
          13.034045
        ]
      },
      "id": "node/7652633330"
    },
    {
      "type": "Feature",
      "properties": {
        "@id": "node/7652723881",
        "amenity": "restaurant",
        "name": "Anjappar",
        "name:ta": "அஞ்சப்பர்",
        "phone": "+919551067083"
      },
      "geometry": {
        "type": "Point",
        "coordinates": [
          80.2183545,
          12.98886
        ]
      },
      "id": "node/7652723881"
    },
    {
      "type": "Feature",
      "properties": {
        "@id": "node/7868260220",
        "amenity": "cafe",
        "cuisine": "coffee_shop",
        "name": "Drunken Monkey"
      },
      "geometry": {
        "type": "Point",
        "coordinates": [
          80.1517864,
          13.1193979
        ]
      },
      "id": "node/7868260220"
    },
    {
      "type": "Feature",
      "properties": {
        "@id": "node/7868260221",
        "amenity": "restaurant",
        "covered": "yes",
        "name": "Barbecue Hut"
      },
      "geometry": {
        "type": "Point",
        "coordinates": [
          80.1531164,
          13.1179953
        ]
      },
      "id": "node/7868260221"
    },
    {
      "type": "Feature",
      "properties": {
        "@id": "node/7869169218",
        "amenity": "restaurant",
        "name": "SS Hyderabad Biriyani"
      },
      "geometry": {
        "type": "Point",
        "coordinates": [
          80.1543578,
          13.1157918
        ]
      },
      "id": "node/7869169218"
    },
    {
      "type": "Feature",
      "properties": {
        "@id": "node/8003260286",
        "amenity": "restaurant",
        "brand": "Adyar Ananda Bhavan",
        "brand:wikidata": "Q15178238",
        "name": "Adyar Ananda Bhavan",
        "name:en": "Adayar Ananda Bhavan"
      },
      "geometry": {
        "type": "Point",
        "coordinates": [
          80.0049141,
          12.7640809
        ]
      },
      "id": "node/8003260286"
    },
    {
      "type": "Feature",
      "properties": {
        "@id": "node/8041636713",
        "amenity": "restaurant",
        "cuisine": "indian",
        "diet:vegetarian": "yes",
        "name": "Zaika Uttar Da"
      },
      "geometry": {
        "type": "Point",
        "coordinates": [
          80.2240566,
          12.9773969
        ]
      },
      "id": "node/8041636713"
    },
    {
      "type": "Feature",
      "properties": {
        "@id": "node/8094624025",
        "addr:street": "Jawaharlal Nehru Rd, Sector 10, Ashok Nagar, Chennai, Tamil Nadu 600083",
        "amenity": "restaurant",
        "name": "McRennett Cakes",
        "opening_hours": "Mo-Su 10:00-21:00",
        "phone": "044 6455 1021"
      },
      "geometry": {
        "type": "Point",
        "coordinates": [
          80.2121432,
          13.0364073
        ]
      },
      "id": "node/8094624025"
    },
    {
      "type": "Feature",
      "properties": {
        "@id": "node/8094633725",
        "addr:street": "36, Balaji Complex, 1, 1st St, opposite to Gokulam Park, Zaffarkhanpet, Ashok Nagar, Chennai, Tamil Nadu 600083",
        "amenity": "restaurant",
        "name": "Hot Chips Veg Restaurant",
        "opening_hours": "Mo-Su 07:30-22:30",
        "phone": "044 4203 3703",
        "website": "business.site"
      },
      "geometry": {
        "type": "Point",
        "coordinates": [
          80.2121821,
          13.0367439
        ]
      },
      "id": "node/8094633725"
    },
    {
      "type": "Feature",
      "properties": {
        "@id": "node/8095338805",
        "addr:street": "9, Bazaar Main Rd, Periyar Nagar, Anjugam Nagar, West Jafferkhanpet, Chennai, Tamil Nadu 600083",
        "amenity": "restaurant",
        "name": "Chennai Darbar Restaurant",
        "opening_hours": "Mo-Su 11:00-16:00, 19:00-23:00",
        "website": "https://chennaidarbar.com/"
      },
      "geometry": {
        "type": "Point",
        "coordinates": [
          80.2096111,
          13.0299235
        ]
      },
      "id": "node/8095338805"
    },
    {
      "type": "Feature",
      "properties": {
        "@id": "node/8097021262",
        "addr:street": "B 211, 11th Ave, 11th Avenue, Mettuppalayam, Ashok Nagar, Chennai, Tamil Nadu 600083",
        "amenity": "restaurant",
        "name": "Dindigul Thalappakatti Ashok Nagar",
        "opening_hours": "Mo-Su 11:00-23:00",
        "phone": "044 4314 7781",
        "website": "https://thalappakatti.com/"
      },
      "geometry": {
        "type": "Point",
        "coordinates": [
          80.2161917,
          13.0312424
        ]
      },
      "id": "node/8097021262"
    },
    {
      "type": "Feature",
      "properties": {
        "@id": "node/8100655627",
        "addr:street": "No.6.A, S.V.Chidambaram salai, Jafferkhanpet,(opposite road to Kasi theatre and near Indian Bank and Royal Residency), Chennai, Tamil Nadu 600083",
        "amenity": "restaurant",
        "name": "Ayya Chettinad Unavagam",
        "opening_hours": "Mo-Su 07:00-23:45",
        "phone": "91766 52060"
      },
      "geometry": {
        "type": "Point",
        "coordinates": [
          80.2107079,
          13.0270738
        ]
      },
      "id": "node/8100655627"
    },
    {
      "type": "Feature",
      "properties": {
        "@id": "node/8108578114",
        "addr:street": "2, 15, Gangai Amman Koil St, Jawahar Nagar, West Jafferkhanpet, Chennai, Tamil Nadu 600083",
        "amenity": "restaurant",
        "name": "Island Kitchen",
        "opening_hours": "Mo-Su 11:00-23:00",
        "phone": "93448 28341",
        "website": "islandkitchen19.wixsite.com"
      },
      "geometry": {
        "type": "Point",
        "coordinates": [
          80.2119134,
          13.0273546
        ]
      },
      "id": "node/8108578114"
    },
    {
      "type": "Feature",
      "properties": {
        "@id": "node/8108612205",
        "addr:street": "95, Jawaharlal Nehru Salai Jaffarkhanpett, Near Kasi Theatre, Ashok Nagar, Chennai, Tamil Nadu 600083",
        "amenity": "restaurant",
        "name": "Palmshore Restaurant Ashok Nagar",
        "opening_hours": "Mo-Su 00:00-15:30, 18:00-23:00",
        "phone": "044 4360 2244",
        "website": "https://palmshore.in/"
      },
      "geometry": {
        "type": "Point",
        "coordinates": [
          80.2087661,
          13.0297592
        ]
      },
      "id": "node/8108612205"
    },
    {
      "type": "Feature",
      "properties": {
        "@id": "node/8108619430",
        "addr:street": "No.3/2, Erikarai Street, Jafferkhanpet, Chennai, Tamil Nadu 600083",
        "amenity": "restaurant",
        "name": "Hotel Sangeetha Pure VEG",
        "opening_hours": "Mo-Su 07:00-15:00, 18:00-23:00",
        "phone": "94448 28689",
        "website": "business.google.com"
      },
      "geometry": {
        "type": "Point",
        "coordinates": [
          80.2111579,
          13.0295669
        ]
      },
      "id": "node/8108619430"
    },
    {
      "type": "Feature",
      "properties": {
        "@id": "node/8273581151",
        "addr:city": "Chennai",
        "addr:housenumber": "27",
        "addr:postcode": "600017",
        "addr:street": "Venkatanarayana Road",
        "amenity": "restaurant",
        "brand": "Dindigul Thalappakatti Restaurant",
        "brand:wikidata": "Q16312263",
        "cuisine": "south_indian",
        "delivery": "yes",
        "name": "Dindigul Thalappakatti Restaurant",
        "name:ta": "திண்டுக்கல் தலப்பாக்கட்டி உணவகம்",
        "opening_hours": "Mo-Su 09:00-21:00",
        "outdoor_seating": "yes",
        "takeaway": "yes"
      },
      "geometry": {
        "type": "Point",
        "coordinates": [
          80.2383491,
          13.033688
        ]
      },
      "id": "node/8273581151"
    },
    {
      "type": "Feature",
      "properties": {
        "@id": "node/8299307341",
        "amenity": "cafe",
        "name": "India Coffee House"
      },
      "geometry": {
        "type": "Point",
        "coordinates": [
          80.2434271,
          12.8728311
        ]
      },
      "id": "node/8299307341"
    },
    {
      "type": "Feature",
      "properties": {
        "@id": "node/8299314765",
        "amenity": "restaurant",
        "cuisine": "indian",
        "name": "Tosai Restaurant"
      },
      "geometry": {
        "type": "Point",
        "coordinates": [
          80.2435159,
          12.8728366
        ]
      },
      "id": "node/8299314765"
    },
    {
      "type": "Feature",
      "properties": {
        "@id": "node/8356524326",
        "addr:city": "urapakkam",
        "addr:housenumber": "118",
        "addr:postcode": "603210",
        "addr:street": "Grand Southern Trunk Road",
        "amenity": "restaurant",
        "cuisine": "indian;chinese",
        "name": "Spicy Biriyani",
        "opening_hours": "Mo-Su 12:00-21:00",
        "phone": "+91 9994923415"
      },
      "geometry": {
        "type": "Point",
        "coordinates": [
          80.0750937,
          12.8653662
        ]
      },
      "id": "node/8356524326"
    },
    {
      "type": "Feature",
      "properties": {
        "@id": "node/8418648279",
        "addr:street": "Villivakkam",
        "amenity": "restaurant",
        "name": "GKS Santhi Bavan",
        "opening_hours": "Mo-Su 06:00-23:00",
        "phone": "04426174477"
      },
      "geometry": {
        "type": "Point",
        "coordinates": [
          80.2079955,
          13.1031362
        ]
      },
      "id": "node/8418648279"
    },
    {
      "type": "Feature",
      "properties": {
        "@id": "node/8432260601",
        "amenity": "restaurant",
        "name": "Cool Biz"
      },
      "geometry": {
        "type": "Point",
        "coordinates": [
          80.2430286,
          12.9811415
        ]
      },
      "id": "node/8432260601"
    },
    {
      "type": "Feature",
      "properties": {
        "@id": "node/8483567503",
        "addr:city": "Chennai",
        "addr:housenumber": "4",
        "addr:postcode": "600130",
        "addr:street": "Semmancheri, Thazhambur, Tamil Nadu 600130",
        "amenity": "restaurant",
        "cuisine": "indian",
        "diet:halal": "yes",
        "name": "Kilo Biriyani",
        "opening_hours": "Mo-Su 11:00-23:00",
        "phone": "+919940062210",
        "website": "https://kilob.in/"
      },
      "geometry": {
        "type": "Point",
        "coordinates": [
          80.2067118,
          12.8641903
        ]
      },
      "id": "node/8483567503"
    },
    {
      "type": "Feature",
      "properties": {
        "@id": "node/8483600267",
        "addr:city": "Chennai",
        "addr:housenumber": "1/7",
        "addr:postcode": "600089",
        "addr:street": "7th Cross Street, Venkateshwara Nagar, Ramapuram, Chennai, Tamil Nadu 600089",
        "amenity": "restaurant",
        "cuisine": "indian;chinese;arabic",
        "delivery": "yes",
        "diet:halal": "yes",
        "name": "Kilo Biriyani",
        "opening_hours": "Mo-Su 11:00-23:00",
        "phone": "+918220822803",
        "website": "https://ww.kilob.in"
      },
      "geometry": {
        "type": "Point",
        "coordinates": [
          80.1742318,
          13.0298363
        ]
      },
      "id": "node/8483600267"
    },
    {
      "type": "Feature",
      "properties": {
        "@id": "node/8491548317",
        "amenity": "restaurant",
        "name:en": "Laxmi Sagar Udupi Vegetarian Restaurant"
      },
      "geometry": {
        "type": "Point",
        "coordinates": [
          80.256367,
          13.0012911
        ]
      },
      "id": "node/8491548317"
    },
    {
      "type": "Feature",
      "properties": {
        "@id": "node/8523245673",
        "amenity": "cafe",
        "cuisine": "burmese",
        "name": "Burmese Cafe",
        "outdoor_seating": "no"
      },
      "geometry": {
        "type": "Point",
        "coordinates": [
          80.2470491,
          13.0557253
        ]
      },
      "id": "node/8523245673"
    },
    {
      "type": "Feature",
      "properties": {
        "@id": "node/8562785519",
        "addr:housenumber": "23",
        "addr:postcode": "600091",
        "addr:street": "Medavakkam Main Road",
        "amenity": "restaurant",
        "name": "Alif Biryani",
        "phone": "+91 91764 13447"
      },
      "geometry": {
        "type": "Point",
        "coordinates": [
          80.1914452,
          12.9728077
        ]
      },
      "id": "node/8562785519"
    },
    {
      "type": "Feature",
      "properties": {
        "@id": "node/8562785521",
        "amenity": "restaurant",
        "name": "Biryani Shop"
      },
      "geometry": {
        "type": "Point",
        "coordinates": [
          80.1915414,
          12.973021
        ]
      },
      "id": "node/8562785521"
    },
    {
      "type": "Feature",
      "properties": {
        "@id": "node/8595961904",
        "addr:city": "Chennai",
        "addr:housenumber": "30",
        "addr:postcode": "600091",
        "addr:street": "Medavakkam Main Road",
        "amenity": "restaurant",
        "cuisine": "indian",
        "name": "Madurai Alagarsamy Mess"
      },
      "geometry": {
        "type": "Point",
        "coordinates": [
          80.1925149,
          12.9757537
        ]
      },
      "id": "node/8595961904"
    },
    {
      "type": "Feature",
      "properties": {
        "@id": "node/8604493118",
        "addr:city": "Chennai",
        "addr:housenumber": "T53/B",
        "addr:postcode": "600090",
        "addr:street": "4th Main Road",
        "amenity": "restaurant",
        "cuisine": "hungarian",
        "name": "Kurtosshhh",
        "phone": "+91 89399 13899",
        "ref:vatin": "33AONSPP7854J1Z7"
      },
      "geometry": {
        "type": "Point",
        "coordinates": [
          80.2706996,
          13.0009865
        ]
      },
      "id": "node/8604493118"
    },
    {
      "type": "Feature",
      "properties": {
        "@id": "node/8616601064",
        "amenity": "restaurant",
        "name": "Savoury Sea Shell"
      },
      "geometry": {
        "type": "Point",
        "coordinates": [
          80.2192115,
          12.9723375
        ]
      },
      "id": "node/8616601064"
    },
    {
      "type": "Feature",
      "properties": {
        "@id": "node/8616601066",
        "amenity": "restaurant",
        "name": "Zaitoon"
      },
      "geometry": {
        "type": "Point",
        "coordinates": [
          80.2194965,
          12.9731363
        ]
      },
      "id": "node/8616601066"
    },
    {
      "type": "Feature",
      "properties": {
        "@id": "node/8631827333",
        "amenity": "restaurant",
        "name": "Nellai New Ruchi Hotel"
      },
      "geometry": {
        "type": "Point",
        "coordinates": [
          80.2253583,
          12.982487
        ]
      },
      "id": "node/8631827333"
    },
    {
      "type": "Feature",
      "properties": {
        "@id": "node/8631827334",
        "amenity": "cafe",
        "cuisine": "coffee_shop",
        "name": "Royal Coffee"
      },
      "geometry": {
        "type": "Point",
        "coordinates": [
          80.2253523,
          12.9825441
        ]
      },
      "id": "node/8631827334"
    },
    {
      "type": "Feature",
      "properties": {
        "@id": "node/8639416762",
        "amenity": "restaurant",
        "cuisine": "mediterranean",
        "name": "Tamu Tamu"
      },
      "geometry": {
        "type": "Point",
        "coordinates": [
          80.2544953,
          13.0475624
        ]
      },
      "id": "node/8639416762"
    },
    {
      "type": "Feature",
      "properties": {
        "@id": "node/8714893206",
        "addr:city": "chennai",
        "addr:housenumber": "67",
        "addr:postcode": "600019",
        "addr:street": "Thiruvottriyur High Road Wimco nagar",
        "amenity": "restaurant",
        "cuisine": "SOUTH_INDIAN",
        "diet:non-vegetarian": "yes",
        "diet:vegetarian": "yes",
        "name": "SANJEEVI UNAVAGAM"
      },
      "geometry": {
        "type": "Point",
        "coordinates": [
          80.30835,
          13.1832459
        ]
      },
      "id": "node/8714893206"
    },
    {
      "type": "Feature",
      "properties": {
        "@id": "node/8714921187",
        "addr:city": "chennai",
        "addr:housenumber": "67",
        "addr:postcode": "600019",
        "addr:street": "AMBEDKAR, TH RAOD",
        "amenity": "restaurant",
        "cuisine": "SOUTH_INDIAN;regional",
        "diet:non-vegetarian": "yes",
        "diet:vegetarian": "yes",
        "name": "Sanjeevi Unavagam",
        "opening_hours": "Mo-Su 09:00-21:00"
      },
      "geometry": {
        "type": "Point",
        "coordinates": [
          80.3083534,
          13.183236
        ]
      },
      "id": "node/8714921187"
    },
    {
      "type": "Feature",
      "properties": {
        "@id": "node/8718513893",
        "addr:city": "Chennai",
        "addr:postcode": "600042",
        "addr:street": "Tansi Nagar 7th Street",
        "amenity": "restaurant",
        "cuisine": "indian;persian",
        "name": "Hotel Buhari"
      },
      "geometry": {
        "type": "Point",
        "coordinates": [
          80.2264976,
          12.9794189
        ]
      },
      "id": "node/8718513893"
    },
    {
      "type": "Feature",
      "properties": {
        "@id": "node/8910220602",
        "air_conditioning": "yes",
        "amenity": "restaurant",
        "capacity": "25",
        "cuisine": "italian",
        "diet:non-vegetarian": "yes",
        "diet:non_alcoholic": "yes",
        "diet:vegetarian": "yes",
        "name": "Osteria By That Madras Place",
        "opening_hours": "Mo-Su 11:00-22:00"
      },
      "geometry": {
        "type": "Point",
        "coordinates": [
          80.2507705,
          13.0059052
        ]
      },
      "id": "node/8910220602"
    },
    {
      "type": "Feature",
      "properties": {
        "@id": "node/9006119303",
        "addr:city": "Chennai",
        "addr:housenumber": "46/1",
        "addr:postcode": "600018",
        "addr:street": "Kavingar Barathidasan Road",
        "amenity": "restaurant",
        "cuisine": "indian;south_indian;kerala;malabar",
        "diet:halal": "yes",
        "diet:non-vegetarian": "yes",
        "name": "Biriyania"
      },
      "geometry": {
        "type": "Point",
        "coordinates": [
          80.2494992,
          13.0354377
        ]
      },
      "id": "node/9006119303"
    },
    {
      "type": "Feature",
      "properties": {
        "@id": "node/9022356735",
        "amenity": "restaurant",
        "name": "Shri Rajasthani Dhaba"
      },
      "geometry": {
        "type": "Point",
        "coordinates": [
          80.2048073,
          13.0848937
        ]
      },
      "id": "node/9022356735"
    },
    {
      "type": "Feature",
      "properties": {
        "@id": "node/9249609876",
        "amenity": "cafe",
        "name": "Tryst"
      },
      "geometry": {
        "type": "Point",
        "coordinates": [
          80.2540207,
          12.9463035
        ]
      },
      "id": "node/9249609876"
    },
    {
      "type": "Feature",
      "properties": {
        "@id": "node/9249819097",
        "amenity": "restaurant",
        "brand": "A2B"
      },
      "geometry": {
        "type": "Point",
        "coordinates": [
          80.2444454,
          12.8809811
        ]
      },
      "id": "node/9249819097"
    },
    {
      "type": "Feature",
      "properties": {
        "@id": "node/9348174752",
        "amenity": "cafe",
        "name": "The Baristo Brew"
      },
      "geometry": {
        "type": "Point",
        "coordinates": [
          80.2469181,
          13.0609645
        ]
      },
      "id": "node/9348174752"
    },
    {
      "type": "Feature",
      "properties": {
        "@id": "node/9418560325",
        "addr:city": "Chennai",
        "addr:housenumber": "37/20",
        "addr:postcode": "600018",
        "addr:street": "Bheemana Garden Street",
        "amenity": "restaurant",
        "level": "1",
        "name": "Pumpkin Tales",
        "opening_hours": "Mo-Su 07:00-22:30",
        "phone": "+91 99529 96446;+91 98415 07557;+91 44 2499 5510",
        "website": "https://pumpkintales.com/"
      },
      "geometry": {
        "type": "Point",
        "coordinates": [
          80.2552947,
          13.0335737
        ]
      },
      "id": "node/9418560325"
    },
    {
      "type": "Feature",
      "properties": {
        "@id": "node/9418560326",
        "addr:city": "Chennai",
        "addr:housenumber": "1",
        "addr:postcode": "600086",
        "addr:street": "Muthiah Street",
        "amenity": "restaurant",
        "cuisine": "indian",
        "diet:vegetarian": "yes",
        "name": "Ek Aur Paratha"
      },
      "geometry": {
        "type": "Point",
        "coordinates": [
          80.2534355,
          13.0482571
        ]
      },
      "id": "node/9418560326"
    },
    {
      "type": "Feature",
      "properties": {
        "@id": "node/9418560328",
        "amenity": "restaurant",
        "cuisine": "indian",
        "name": "That Mallu Joint"
      },
      "geometry": {
        "type": "Point",
        "coordinates": [
          80.2346309,
          13.0416717
        ]
      },
      "id": "node/9418560328"
    },
    {
      "type": "Feature",
      "properties": {
        "@id": "node/9418718657",
        "addr:city": "Chennai",
        "addr:street": "North Parade Road",
        "amenity": "restaurant",
        "name": "The North View Kitchen"
      },
      "geometry": {
        "type": "Point",
        "coordinates": [
          80.2001145,
          13.006018
        ]
      },
      "id": "node/9418718657"
    },
    {
      "type": "Feature",
      "properties": {
        "@id": "node/9418718658",
        "addr:city": "Chennai",
        "addr:street": "North Parade Road",
        "amenity": "restaurant",
        "name": "Polka Pastry"
      },
      "geometry": {
        "type": "Point",
        "coordinates": [
          80.1999482,
          13.0060258
        ]
      },
      "id": "node/9418718658"
    },
    {
      "type": "Feature",
      "properties": {
        "@id": "node/9418718659",
        "addr:city": "Chennai",
        "addr:street": "North Parade Road",
        "amenity": "cafe",
        "name": "House #22 Cafe"
      },
      "geometry": {
        "type": "Point",
        "coordinates": [
          80.1997658,
          13.0060598
        ]
      },
      "id": "node/9418718659"
    },
    {
      "type": "Feature",
      "properties": {
        "@id": "node/9427183945",
        "addr:city": "Chennai",
        "addr:postcode": "600077",
        "amenity": "restaurant",
        "check_date": "2026-04-20",
        "cuisine": "indian",
        "diet:vegetarian": "yes",
        "name": "Vasantham Canteen"
      },
      "geometry": {
        "type": "Point",
        "coordinates": [
          80.1244772,
          13.0530983
        ]
      },
      "id": "node/9427183945"
    },
    {
      "type": "Feature",
      "properties": {
        "@id": "node/9488493356",
        "addr:city": "Chennai",
        "addr:housenumber": "E-50",
        "addr:postcode": "600090",
        "addr:street": "Besant Nagar 17th Cross Street",
        "amenity": "restaurant",
        "cuisine": "italian",
        "name": "Little Italy",
        "opening_hours": "Mo-Su 11:45-22:30",
        "phone": "+91 44 4214 0600;+91 44 4214 1600; +91 44 4214 2600",
        "website": "https://www.littleitaly.in/"
      },
      "geometry": {
        "type": "Point",
        "coordinates": [
          80.2684474,
          12.9963828
        ]
      },
      "id": "node/9488493356"
    },
    {
      "type": "Feature",
      "properties": {
        "@id": "node/9489057178",
        "amenity": "restaurant",
        "cuisine": "indian",
        "name": "அன்னை அடுப்பங்கரை",
        "name:en": "Annai Aduppangarai",
        "name:ta": "அன்னை அடுப்பங்கரை",
        "opening_hours": "Mo-Su 07:30-09:30, 12:00-14:00, 19:00-21:00",
        "phone": "+91 95660 12737;+91 94983 54778",
        "takeaway": "only"
      },
      "geometry": {
        "type": "Point",
        "coordinates": [
          80.1906699,
          12.9662356
        ]
      },
      "id": "node/9489057178"
    },
    {
      "type": "Feature",
      "properties": {
        "@id": "node/9554095005",
        "addr:city": "Chennai",
        "addr:housenumber": "14",
        "addr:postcode": "600016",
        "addr:street": "Railway Station Road",
        "amenity": "restaurant",
        "name": "Sukkubhai Biryani",
        "opening_hours": "Mo-Su 10:00-22:00",
        "phone": "+91 44 2233 0444;+91 44 2233 0666;+91 44 2233 0888",
        "website": "https://www.sukkubhaibiryani.com"
      },
      "geometry": {
        "type": "Point",
        "coordinates": [
          80.2005863,
          13.0004562
        ]
      },
      "id": "node/9554095005"
    },
    {
      "type": "Feature",
      "properties": {
        "@id": "node/9554147385",
        "amenity": "restaurant",
        "email": "velachery@sgbpl.in",
        "name": "Sree Gupta Bhavan",
        "name:ta": "ஸ்ரீ குப்தா பவன்",
        "phone": "+91 44 2255 0175",
        "website": "https://sreeguptabhavan.com/restaurant/velachery/"
      },
      "geometry": {
        "type": "Point",
        "coordinates": [
          80.2181097,
          12.9876442
        ]
      },
      "id": "node/9554147385"
    },
    {
      "type": "Feature",
      "properties": {
        "@id": "node/9559749692",
        "addr:housenumber": "20",
        "addr:street": "CNK Street",
        "amenity": "restaurant",
        "name": "Arasi Restaurant"
      },
      "geometry": {
        "type": "Point",
        "coordinates": [
          80.2763834,
          13.0635552
        ]
      },
      "id": "node/9559749692"
    },
    {
      "type": "Feature",
      "properties": {
        "@id": "node/9575448417",
        "addr:postcode": "600028",
        "addr:street": "RA Puram 4th Main Road",
        "amenity": "restaurant",
        "name:en": "Cafe 28",
        "opening_hours": "Mo-Su 11:00-22:00"
      },
      "geometry": {
        "type": "Point",
        "coordinates": [
          80.2536679,
          13.0258758
        ]
      },
      "id": "node/9575448417"
    },
    {
      "type": "Feature",
      "properties": {
        "@id": "node/9591980532",
        "addr:housenumber": "No. 1/279",
        "addr:street": "Rajiv Gandhi Street, Navalur, OMR",
        "amenity": "restaurant",
        "name": "Arusuvai Cafe",
        "opening_hours": "Mo-Su 06:00-23:00",
        "phone": "9080724768"
      },
      "geometry": {
        "type": "Point",
        "coordinates": [
          80.2263777,
          12.8447188
        ]
      },
      "id": "node/9591980532"
    },
    {
      "type": "Feature",
      "properties": {
        "@id": "node/9592072300",
        "addr:housenumber": "1A",
        "addr:street": "Rajiv Gandhi Street, Navalur, OMR",
        "amenity": "restaurant",
        "email": "sangeethafoods@sangeethaveg.com",
        "name": "Sangeetha Veg Restaurant",
        "phone": "+91 7397333111",
        "website": "https://www.sangeethaveg.com/"
      },
      "geometry": {
        "type": "Point",
        "coordinates": [
          80.2261114,
          12.8521866
        ]
      },
      "id": "node/9592072300"
    },
    {
      "type": "Feature",
      "properties": {
        "@id": "node/9667109036",
        "amenity": "cafe",
        "name": "The Garden House"
      },
      "geometry": {
        "type": "Point",
        "coordinates": [
          80.2398973,
          12.8367441
        ]
      },
      "id": "node/9667109036"
    },
    {
      "type": "Feature",
      "properties": {
        "@id": "node/9725950519",
        "amenity": "restaurant",
        "brand": "Anjappar Chettinad Restaurant",
        "brand:wikidata": "Q4765786",
        "cuisine": "south_indian",
        "delivery": "yes",
        "name": "Anjappar Chettinad Restaurant",
        "survey:date": "2022-04-17",
        "takeaway": "yes"
      },
      "geometry": {
        "type": "Point",
        "coordinates": [
          80.1842749,
          12.9200835
        ]
      },
      "id": "node/9725950519"
    },
    {
      "type": "Feature",
      "properties": {
        "@id": "node/9872527231",
        "amenity": "restaurant",
        "name": "Hot Chips Vegetarian Restaurant"
      },
      "geometry": {
        "type": "Point",
        "coordinates": [
          80.2867827,
          13.0887528
        ]
      },
      "id": "node/9872527231"
    },
    {
      "type": "Feature",
      "properties": {
        "@id": "node/9902043329",
        "addr:street": "MGR Road",
        "amenity": "restaurant",
        "name": "Hotel Ezham Suvai",
        "opening_hours": "Mo-Su 06:00-11:30; Mo-Su 16:00-22:00",
        "phone": "+91 99620 81322"
      },
      "geometry": {
        "type": "Point",
        "coordinates": [
          80.1833882,
          12.9738369
        ]
      },
      "id": "node/9902043329"
    },
    {
      "type": "Feature",
      "properties": {
        "@id": "node/9920387334",
        "addr:city": "Chennai",
        "addr:postcode": "600010",
        "addr:street": "Manickeswari Street",
        "amenity": "restaurant",
        "cuisine": "italian",
        "name": "Fusili Reasons",
        "phone": "+91 99626 31631;+91 98401 70077"
      },
      "geometry": {
        "type": "Point",
        "coordinates": [
          80.2441589,
          13.0799423
        ]
      },
      "id": "node/9920387334"
    },
    {
      "type": "Feature",
      "properties": {
        "@id": "node/9920387337",
        "amenity": "restaurant",
        "cuisine": "japanese",
        "name": "Hokkaido"
      },
      "geometry": {
        "type": "Point",
        "coordinates": [
          80.2527299,
          13.0330561
        ]
      },
      "id": "node/9920387337"
    },
    {
      "type": "Feature",
      "properties": {
        "@id": "node/9920576651",
        "amenity": "restaurant",
        "name": "Amma mess",
        "operator": "Government of Tamil Nadu"
      },
      "geometry": {
        "type": "Point",
        "coordinates": [
          80.2044784,
          12.9411181
        ]
      },
      "id": "node/9920576651"
    },
    {
      "type": "Feature",
      "properties": {
        "@id": "node/9979919329",
        "amenity": "restaurant",
        "name": "A-1 Hyderabad Biriyani & Fast Food"
      },
      "geometry": {
        "type": "Point",
        "coordinates": [
          80.286806,
          13.088904
        ]
      },
      "id": "node/9979919329"
    },
    {
      "type": "Feature",
      "properties": {
        "@id": "node/9980881646",
        "amenity": "restaurant",
        "name": "Suprabatham"
      },
      "geometry": {
        "type": "Point",
        "coordinates": [
          80.2865499,
          13.0887415
        ]
      },
      "id": "node/9980881646"
    },
    {
      "type": "Feature",
      "properties": {
        "@id": "node/9980882521",
        "amenity": "restaurant",
        "name": "Anna Viruksham Vegetarian Restaurant"
      },
      "geometry": {
        "type": "Point",
        "coordinates": [
          80.2905767,
          13.0905767
        ]
      },
      "id": "node/9980882521"
    },
    {
      "type": "Feature",
      "properties": {
        "@id": "node/9982769121",
        "amenity": "cafe",
        "name": "Queen's Cool Palace"
      },
      "geometry": {
        "type": "Point",
        "coordinates": [
          80.2898978,
          13.0924508
        ]
      },
      "id": "node/9982769121"
    },
    {
      "type": "Feature",
      "properties": {
        "@id": "node/9983026859",
        "amenity": "cafe",
        "cuisine": "coffee_shop",
        "name": "Chai Waale"
      },
      "geometry": {
        "type": "Point",
        "coordinates": [
          80.2861755,
          13.0948869
        ]
      },
      "id": "node/9983026859"
    },
    {
      "type": "Feature",
      "properties": {
        "@id": "node/9983048500",
        "amenity": "restaurant",
        "name": "Broadway Biriyani"
      },
      "geometry": {
        "type": "Point",
        "coordinates": [
          80.284971,
          13.0886372
        ]
      },
      "id": "node/9983048500"
    },
    {
      "type": "Feature",
      "properties": {
        "@id": "node/9989808500",
        "amenity": "restaurant",
        "name": "Ninan's Restaurant"
      },
      "geometry": {
        "type": "Point",
        "coordinates": [
          80.2862359,
          13.0887346
        ]
      },
      "id": "node/9989808500"
    },
    {
      "type": "Feature",
      "properties": {
        "@id": "node/9989811629",
        "amenity": "restaurant",
        "name": "Sea Shore"
      },
      "geometry": {
        "type": "Point",
        "coordinates": [
          80.2852408,
          13.0890597
        ]
      },
      "id": "node/9989811629"
    },
    {
      "type": "Feature",
      "properties": {
        "@id": "node/9989843712",
        "amenity": "cafe",
        "name": "Praba Cool Bar"
      },
      "geometry": {
        "type": "Point",
        "coordinates": [
          80.2843765,
          13.0907195
        ]
      },
      "id": "node/9989843712"
    },
    {
      "type": "Feature",
      "properties": {
        "@id": "node/9991774509",
        "amenity": "restaurant",
        "indoor_seating": "yes",
        "name": "A2B Restaurant",
        "name:ta": "அடையார் ஏ2பி உணவகம்",
        "outdoor_seating": "no"
      },
      "geometry": {
        "type": "Point",
        "coordinates": [
          80.1922065,
          13.0149457
        ]
      },
      "id": "node/9991774509"
    },
    {
      "type": "Feature",
      "properties": {
        "@id": "node/9994034313",
        "amenity": "restaurant",
        "cuisine": "indian",
        "name": "Hotel Akshaya Bhavan"
      },
      "geometry": {
        "type": "Point",
        "coordinates": [
          80.1320627,
          13.0399578
        ]
      },
      "id": "node/9994034313"
    },
    {
      "type": "Feature",
      "properties": {
        "@id": "node/10013621156",
        "amenity": "cafe",
        "name": "mordern cofee"
      },
      "geometry": {
        "type": "Point",
        "coordinates": [
          80.2015038,
          13.1236413
        ]
      },
      "id": "node/10013621156"
    },
    {
      "type": "Feature",
      "properties": {
        "@id": "node/10013621161",
        "amenity": "cafe",
        "name": "MM Cafe"
      },
      "geometry": {
        "type": "Point",
        "coordinates": [
          80.201478,
          13.124311
        ]
      },
      "id": "node/10013621161"
    },
    {
      "type": "Feature",
      "properties": {
        "@id": "node/10036718970",
        "amenity": "restaurant",
        "cuisine": "chinese",
        "name": "The Red Box"
      },
      "geometry": {
        "type": "Point",
        "coordinates": [
          80.2905294,
          13.1026805
        ]
      },
      "id": "node/10036718970"
    },
    {
      "type": "Feature",
      "properties": {
        "@id": "node/10036718996",
        "amenity": "restaurant",
        "name": "K7"
      },
      "geometry": {
        "type": "Point",
        "coordinates": [
          80.2904264,
          13.1022825
        ]
      },
      "id": "node/10036718996"
    },
    {
      "type": "Feature",
      "properties": {
        "@id": "node/10038809125",
        "amenity": "restaurant",
        "name": "Jamavar"
      },
      "geometry": {
        "type": "Point",
        "coordinates": [
          80.2738948,
          13.0169477
        ]
      },
      "id": "node/10038809125"
    },
    {
      "type": "Feature",
      "properties": {
        "@id": "node/10038809126",
        "amenity": "restaurant",
        "name": "Spectra"
      },
      "geometry": {
        "type": "Point",
        "coordinates": [
          80.2739851,
          13.0171169
        ]
      },
      "id": "node/10038809126"
    },
    {
      "type": "Feature",
      "properties": {
        "@id": "node/10038809127",
        "amenity": "restaurant",
        "name": "The Lobby Lounge"
      },
      "geometry": {
        "type": "Point",
        "coordinates": [
          80.274099,
          13.0173672
        ]
      },
      "id": "node/10038809127"
    },
    {
      "type": "Feature",
      "properties": {
        "@id": "node/10102299126",
        "amenity": "cafe",
        "name": "Caribeean Chai"
      },
      "geometry": {
        "type": "Point",
        "coordinates": [
          80.2910773,
          13.0931158
        ]
      },
      "id": "node/10102299126"
    },
    {
      "type": "Feature",
      "properties": {
        "@id": "node/10102405624",
        "amenity": "cafe",
        "name": "A.K. Tea Stall"
      },
      "geometry": {
        "type": "Point",
        "coordinates": [
          80.2942221,
          13.1012171
        ]
      },
      "id": "node/10102405624"
    },
    {
      "type": "Feature",
      "properties": {
        "@id": "node/10106263979",
        "amenity": "cafe"
      },
      "geometry": {
        "type": "Point",
        "coordinates": [
          80.2860209,
          13.0939922
        ]
      },
      "id": "node/10106263979"
    },
    {
      "type": "Feature",
      "properties": {
        "@id": "node/10106263980",
        "amenity": "cafe"
      },
      "geometry": {
        "type": "Point",
        "coordinates": [
          80.2861299,
          13.09397
        ]
      },
      "id": "node/10106263980"
    },
    {
      "type": "Feature",
      "properties": {
        "@id": "node/10107894691",
        "amenity": "cafe",
        "name": "Nisha Cafe"
      },
      "geometry": {
        "type": "Point",
        "coordinates": [
          80.2897756,
          13.093665
        ]
      },
      "id": "node/10107894691"
    },
    {
      "type": "Feature",
      "properties": {
        "@id": "node/10107983225",
        "amenity": "restaurant",
        "name": "Chennai Woodlands"
      },
      "geometry": {
        "type": "Point",
        "coordinates": [
          80.2913537,
          13.0942585
        ]
      },
      "id": "node/10107983225"
    },
    {
      "type": "Feature",
      "properties": {
        "@id": "node/10107983235",
        "amenity": "restaurant",
        "name": "Top Form"
      },
      "geometry": {
        "type": "Point",
        "coordinates": [
          80.2914241,
          13.0944064
        ]
      },
      "id": "node/10107983235"
    },
    {
      "type": "Feature",
      "properties": {
        "@id": "node/10107995332",
        "amenity": "cafe",
        "name": "New Modern Tea Stall"
      },
      "geometry": {
        "type": "Point",
        "coordinates": [
          80.2908948,
          13.0943274
        ]
      },
      "id": "node/10107995332"
    },
    {
      "type": "Feature",
      "properties": {
        "@id": "node/10107995366",
        "amenity": "cafe",
        "name": "Athima Tiffin Centre"
      },
      "geometry": {
        "type": "Point",
        "coordinates": [
          80.2908945,
          13.0943855
        ]
      },
      "id": "node/10107995366"
    },
    {
      "type": "Feature",
      "properties": {
        "@id": "node/10107995463",
        "amenity": "cafe",
        "name": "Food Corner"
      },
      "geometry": {
        "type": "Point",
        "coordinates": [
          80.2913878,
          13.0955445
        ]
      },
      "id": "node/10107995463"
    },
    {
      "type": "Feature",
      "properties": {
        "@id": "node/10107995496",
        "amenity": "restaurant",
        "cuisine": "barbecue",
        "name": "Classic Barbeque Corner"
      },
      "geometry": {
        "type": "Point",
        "coordinates": [
          80.2911867,
          13.0960127
        ]
      },
      "id": "node/10107995496"
    },
    {
      "type": "Feature",
      "properties": {
        "@id": "node/10108462459",
        "amenity": "cafe",
        "name": "Sri Maa Kali Tea Stall"
      },
      "geometry": {
        "type": "Point",
        "coordinates": [
          80.2892837,
          13.0942076
        ]
      },
      "id": "node/10108462459"
    },
    {
      "type": "Feature",
      "properties": {
        "@id": "node/10115467409",
        "amenity": "cafe",
        "name": "ABC Cafe"
      },
      "geometry": {
        "type": "Point",
        "coordinates": [
          80.2892692,
          13.0963553
        ]
      },
      "id": "node/10115467409"
    },
    {
      "type": "Feature",
      "properties": {
        "@id": "node/10115467423",
        "amenity": "cafe",
        "cuisine": "coffee_shop",
        "name": "Rani Dam Chai"
      },
      "geometry": {
        "type": "Point",
        "coordinates": [
          80.2893557,
          13.0956243
        ]
      },
      "id": "node/10115467423"
    },
    {
      "type": "Feature",
      "properties": {
        "@id": "node/10116132946",
        "amenity": "restaurant",
        "name": "Alreef The Family Restaurant"
      },
      "geometry": {
        "type": "Point",
        "coordinates": [
          80.2878998,
          13.0965713
        ]
      },
      "id": "node/10116132946"
    },
    {
      "type": "Feature",
      "properties": {
        "@id": "node/10116132948",
        "amenity": "cafe",
        "name": "Alreef Cafe"
      },
      "geometry": {
        "type": "Point",
        "coordinates": [
          80.2879306,
          13.09651
        ]
      },
      "id": "node/10116132948"
    },
    {
      "type": "Feature",
      "properties": {
        "@id": "node/10116259642",
        "amenity": "cafe",
        "name": "Al-Ameen Tiffen Center"
      },
      "geometry": {
        "type": "Point",
        "coordinates": [
          80.2881464,
          13.0965216
        ]
      },
      "id": "node/10116259642"
    },
    {
      "type": "Feature",
      "properties": {
        "@id": "node/10116259643",
        "amenity": "restaurant",
        "name": "Udipi Sri Durga Bhavan"
      },
      "geometry": {
        "type": "Point",
        "coordinates": [
          80.2882079,
          13.0965119
        ]
      },
      "id": "node/10116259643"
    },
    {
      "type": "Feature",
      "properties": {
        "@id": "node/10139491414",
        "addr:city": "Egmore, Chennai",
        "addr:housenumber": "29",
        "addr:postcode": "600008",
        "addr:street": "Whannels Road",
        "amenity": "restaurant",
        "name": "Konar Kadai"
      },
      "geometry": {
        "type": "Point",
        "coordinates": [
          80.2643566,
          13.07648
        ]
      },
      "id": "node/10139491414"
    },
    {
      "type": "Feature",
      "properties": {
        "@id": "node/10156167510",
        "amenity": "restaurant",
        "name": "Hatimy's"
      },
      "geometry": {
        "type": "Point",
        "coordinates": [
          80.2866796,
          13.0969063
        ]
      },
      "id": "node/10156167510"
    },
    {
      "type": "Feature",
      "properties": {
        "@id": "node/10156167516",
        "amenity": "restaurant",
        "name": "Valima Biriyani"
      },
      "geometry": {
        "type": "Point",
        "coordinates": [
          80.2866516,
          13.097062
        ]
      },
      "id": "node/10156167516"
    },
    {
      "type": "Feature",
      "properties": {
        "@id": "node/10173145886",
        "amenity": "restaurant",
        "name": "Manjal"
      },
      "geometry": {
        "type": "Point",
        "coordinates": [
          80.2555131,
          13.0453571
        ]
      },
      "id": "node/10173145886"
    },
    {
      "type": "Feature",
      "properties": {
        "@id": "node/10205248978",
        "amenity": "restaurant",
        "name": "Hotel Farida"
      },
      "geometry": {
        "type": "Point",
        "coordinates": [
          80.2870288,
          13.0968585
        ]
      },
      "id": "node/10205248978"
    },
    {
      "type": "Feature",
      "properties": {
        "@id": "node/10208685806",
        "amenity": "restaurant",
        "name": "Seema"
      },
      "geometry": {
        "type": "Point",
        "coordinates": [
          80.2908894,
          13.09688
        ]
      },
      "id": "node/10208685806"
    },
    {
      "type": "Feature",
      "properties": {
        "@id": "node/10208787869",
        "amenity": "cafe",
        "name": "CM Corner Cafe"
      },
      "geometry": {
        "type": "Point",
        "coordinates": [
          80.2907429,
          13.0968758
        ]
      },
      "id": "node/10208787869"
    },
    {
      "type": "Feature",
      "properties": {
        "@id": "node/10208798643",
        "amenity": "restaurant",
        "name": "Taste of Turkey"
      },
      "geometry": {
        "type": "Point",
        "coordinates": [
          80.2902357,
          13.0964397
        ]
      },
      "id": "node/10208798643"
    },
    {
      "type": "Feature",
      "properties": {
        "@id": "node/10208903046",
        "amenity": "cafe",
        "name": "Cutting Chai Yaari"
      },
      "geometry": {
        "type": "Point",
        "coordinates": [
          80.2901251,
          13.0966064
        ]
      },
      "id": "node/10208903046"
    },
    {
      "type": "Feature",
      "properties": {
        "@id": "node/10209543578",
        "amenity": "cafe",
        "name": "Sea Lord"
      },
      "geometry": {
        "type": "Point",
        "coordinates": [
          80.2938237,
          13.0994059
        ]
      },
      "id": "node/10209543578"
    },
    {
      "type": "Feature",
      "properties": {
        "@id": "node/10209600084",
        "amenity": "restaurant",
        "name": "Grill Nights"
      },
      "geometry": {
        "type": "Point",
        "coordinates": [
          80.2932418,
          13.0976067
        ]
      },
      "id": "node/10209600084"
    },
    {
      "type": "Feature",
      "properties": {
        "@id": "node/10209600106",
        "amenity": "cafe",
        "name": "Golden Tea"
      },
      "geometry": {
        "type": "Point",
        "coordinates": [
          80.2930031,
          13.098215
        ]
      },
      "id": "node/10209600106"
    },
    {
      "type": "Feature",
      "properties": {
        "@id": "node/10224910219",
        "amenity": "restaurant",
        "cuisine": "kebab;lebanese;mediterranean",
        "name:en": "Mezze",
        "opening_hours": "Mo-Su 11:30-23:00",
        "phone": "+9176048 53796"
      },
      "geometry": {
        "type": "Point",
        "coordinates": [
          80.2488332,
          13.0294985
        ]
      },
      "id": "node/10224910219"
    },
    {
      "type": "Feature",
      "properties": {
        "@id": "node/10261896854",
        "amenity": "cafe",
        "description": "Beautiful decor, Cafe and Restaurant",
        "name": "Psychedelic Hues - Art house and Cafe",
        "opening_hours": "Mo-Su 11:00-23:00"
      },
      "geometry": {
        "type": "Point",
        "coordinates": [
          80.2588986,
          13.0754835
        ]
      },
      "id": "node/10261896854"
    },
    {
      "type": "Feature",
      "properties": {
        "@id": "node/10268908447",
        "amenity": "restaurant",
        "cuisine": "chinese",
        "name": "Chef Adrian's Great Wall Chinese Restaurant",
        "name:ta": "செஃப் ஆட்ரியன்'ஸ் கிரேட் வால் சீன உணவகம்",
        "phone": "04443602229"
      },
      "geometry": {
        "type": "Point",
        "coordinates": [
          80.267535,
          12.9984715
        ]
      },
      "id": "node/10268908447"
    },
    {
      "type": "Feature",
      "properties": {
        "@id": "node/10268908449",
        "amenity": "cafe",
        "name": "Geetha Cafe"
      },
      "geometry": {
        "type": "Point",
        "coordinates": [
          80.2675982,
          12.9981194
        ]
      },
      "id": "node/10268908449"
    },
    {
      "type": "Feature",
      "properties": {
        "@id": "node/10269012160",
        "amenity": "cafe",
        "name": "Chi Cafe"
      },
      "geometry": {
        "type": "Point",
        "coordinates": [
          80.2170766,
          12.9922698
        ]
      },
      "id": "node/10269012160"
    },
    {
      "type": "Feature",
      "properties": {
        "@id": "node/10269012180",
        "amenity": "restaurant",
        "cuisine": "japanese",
        "name": "Jonah's goes to Japan"
      },
      "geometry": {
        "type": "Point",
        "coordinates": [
          80.2166021,
          12.9919466
        ]
      },
      "id": "node/10269012180"
    },
    {
      "type": "Feature",
      "properties": {
        "@id": "node/10269012181",
        "amenity": "cafe",
        "name": "Cha Republic"
      },
      "geometry": {
        "type": "Point",
        "coordinates": [
          80.2165543,
          12.9919024
        ]
      },
      "id": "node/10269012181"
    },
    {
      "type": "Feature",
      "properties": {
        "@id": "node/10285692122",
        "amenity": "cafe",
        "cuisine": "coffee_shop",
        "name": "Chai Kings"
      },
      "geometry": {
        "type": "Point",
        "coordinates": [
          80.2702906,
          12.9962247
        ]
      },
      "id": "node/10285692122"
    },
    {
      "type": "Feature",
      "properties": {
        "@id": "node/10285692123",
        "amenity": "cafe",
        "cuisine": "coffee_shop",
        "name": "Madras Coffee House"
      },
      "geometry": {
        "type": "Point",
        "coordinates": [
          80.2702881,
          12.9961883
        ]
      },
      "id": "node/10285692123"
    },
    {
      "type": "Feature",
      "properties": {
        "@id": "node/10302265198",
        "addr:city": "Chennai",
        "addr:housenumber": "216",
        "addr:postcode": "603112",
        "addr:street": "Jambo Odai Street, Muttukadu, ECR",
        "air_conditioning": "yes",
        "amenity": "restaurant",
        "branch": "Muttukadu, ECR",
        "brand": "Geetham - Veg Restaurant",
        "cuisine": "indian",
        "diet:vegetarian": "yes",
        "name": "Geetham Veg Restaurant",
        "opening_hours": "Mo-Su 06:30-22:30",
        "phone": "+91 7397 222 111",
        "website": "https://www.geethamveg.com"
      },
      "geometry": {
        "type": "Point",
        "coordinates": [
          80.2403875,
          12.8246029
        ]
      },
      "id": "node/10302265198"
    },
    {
      "type": "Feature",
      "properties": {
        "@id": "node/10307972067",
        "amenity": "restaurant",
        "name": "Omar Khayyam",
        "name:ta": "ஒமர் கயாம்"
      },
      "geometry": {
        "type": "Point",
        "coordinates": [
          80.2317501,
          13.0408892
        ]
      },
      "id": "node/10307972067"
    },
    {
      "type": "Feature",
      "properties": {
        "@id": "node/10307972083",
        "amenity": "restaurant",
        "name": "Hot Chips"
      },
      "geometry": {
        "type": "Point",
        "coordinates": [
          80.2311764,
          13.0408527
        ]
      },
      "id": "node/10307972083"
    },
    {
      "type": "Feature",
      "properties": {
        "@id": "node/10308012367",
        "amenity": "restaurant",
        "name": "Nic Nac"
      },
      "geometry": {
        "type": "Point",
        "coordinates": [
          80.2322275,
          13.0406949
        ]
      },
      "id": "node/10308012367"
    },
    {
      "type": "Feature",
      "properties": {
        "@id": "node/10316739368",
        "amenity": "restaurant",
        "name": "Six 'O' One"
      },
      "geometry": {
        "type": "Point",
        "coordinates": [
          80.2496472,
          13.0528083
        ]
      },
      "id": "node/10316739368"
    },
    {
      "type": "Feature",
      "properties": {
        "@id": "node/10316946203",
        "amenity": "cafe",
        "cuisine": "coffee_shop",
        "name": "Chai Kings"
      },
      "geometry": {
        "type": "Point",
        "coordinates": [
          80.2574861,
          13.0577863
        ]
      },
      "id": "node/10316946203"
    },
    {
      "type": "Feature",
      "properties": {
        "@id": "node/10558960213",
        "amenity": "restaurant",
        "brand": "Punjab Grill",
        "brand:wikidata": "Q124374761",
        "cuisine": "north_indian",
        "delivery": "yes",
        "name": "Punjab Grill",
        "takeaway": "yes"
      },
      "geometry": {
        "type": "Point",
        "coordinates": [
          80.2169537,
          12.9913342
        ]
      },
      "id": "node/10558960213"
    },
    {
      "type": "Feature",
      "properties": {
        "@id": "node/10558960223",
        "amenity": "cafe",
        "brand": "Starbucks",
        "brand:wikidata": "Q37158",
        "cuisine": "coffee_shop",
        "name": "Starbucks",
        "official_name": "Starbucks Coffee",
        "takeaway": "yes"
      },
      "geometry": {
        "type": "Point",
        "coordinates": [
          80.2170139,
          12.9917017
        ]
      },
      "id": "node/10558960223"
    },
    {
      "type": "Feature",
      "properties": {
        "@id": "node/10558960229",
        "amenity": "restaurant",
        "cuisine": "indian",
        "name": "Pappa Roti"
      },
      "geometry": {
        "type": "Point",
        "coordinates": [
          80.2170556,
          12.9918725
        ]
      },
      "id": "node/10558960229"
    },
    {
      "type": "Feature",
      "properties": {
        "@id": "node/10558996779",
        "amenity": "restaurant",
        "cuisine": "chinese",
        "name": "Mainland China"
      },
      "geometry": {
        "type": "Point",
        "coordinates": [
          80.2170363,
          12.9911631
        ]
      },
      "id": "node/10558996779"
    },
    {
      "type": "Feature",
      "properties": {
        "@id": "node/10558996780",
        "amenity": "cafe",
        "brand": "The Coffee Bean & Tea Leaf",
        "brand:wikidata": "Q1141384",
        "cuisine": "coffee_shop",
        "name": "The Coffee Bean & Tea Leaf",
        "takeaway": "yes"
      },
      "geometry": {
        "type": "Point",
        "coordinates": [
          80.2170117,
          12.9912251
        ]
      },
      "id": "node/10558996780"
    },
    {
      "type": "Feature",
      "properties": {
        "@id": "node/10558996783",
        "amenity": "restaurant",
        "name": "Kobe Sizzlers"
      },
      "geometry": {
        "type": "Point",
        "coordinates": [
          80.216939,
          12.9914076
        ]
      },
      "id": "node/10558996783"
    },
    {
      "type": "Feature",
      "properties": {
        "@id": "node/10558996793",
        "amenity": "restaurant",
        "cuisine": "indian",
        "name": "Khandani Rajdhani"
      },
      "geometry": {
        "type": "Point",
        "coordinates": [
          80.2170766,
          12.9911032
        ]
      },
      "id": "node/10558996793"
    },
    {
      "type": "Feature",
      "properties": {
        "@id": "node/10559049577",
        "amenity": "restaurant",
        "name": "Vasanta Bhavan"
      },
      "geometry": {
        "type": "Point",
        "coordinates": [
          80.217063,
          12.9912272
        ]
      },
      "id": "node/10559049577"
    },
    {
      "type": "Feature",
      "properties": {
        "@id": "node/10559072543",
        "amenity": "restaurant",
        "name": "Arabian Hut"
      },
      "geometry": {
        "type": "Point",
        "coordinates": [
          80.2170186,
          12.9913743
        ]
      },
      "id": "node/10559072543"
    },
    {
      "type": "Feature",
      "properties": {
        "@id": "node/10575518798",
        "amenity": "restaurant",
        "name": "Al-Arsh Hotel"
      },
      "geometry": {
        "type": "Point",
        "coordinates": [
          80.2926089,
          13.1019911
        ]
      },
      "id": "node/10575518798"
    },
    {
      "type": "Feature",
      "properties": {
        "@id": "node/10575684704",
        "amenity": "cafe",
        "name": "RPS Cafe"
      },
      "geometry": {
        "type": "Point",
        "coordinates": [
          80.2924206,
          13.0984966
        ]
      },
      "id": "node/10575684704"
    },
    {
      "type": "Feature",
      "properties": {
        "@id": "node/10575684705",
        "amenity": "restaurant",
        "cuisine": "thai",
        "name": "Thai Mess"
      },
      "geometry": {
        "type": "Point",
        "coordinates": [
          80.2923742,
          13.0985064
        ]
      },
      "id": "node/10575684705"
    },
    {
      "type": "Feature",
      "properties": {
        "@id": "node/10584033829",
        "amenity": "cafe",
        "name": "K. B. Tea Stall"
      },
      "geometry": {
        "type": "Point",
        "coordinates": [
          80.2916438,
          13.1009922
        ]
      },
      "id": "node/10584033829"
    },
    {
      "type": "Feature",
      "properties": {
        "@id": "node/10593554605",
        "amenity": "restaurant",
        "name": "சங்கீதா",
        "name:en": "Sangeetha",
        "name:ta": "சங்கீதா"
      },
      "geometry": {
        "type": "Point",
        "coordinates": [
          80.2613554,
          13.0771123
        ]
      },
      "id": "node/10593554605"
    },
    {
      "type": "Feature",
      "properties": {
        "@id": "node/10595586124",
        "amenity": "cafe",
        "name": "Bharat Tea Stall"
      },
      "geometry": {
        "type": "Point",
        "coordinates": [
          80.288504,
          13.0996157
        ]
      },
      "id": "node/10595586124"
    },
    {
      "type": "Feature",
      "properties": {
        "@id": "node/10595652724",
        "amenity": "cafe",
        "name": "iCafe"
      },
      "geometry": {
        "type": "Point",
        "coordinates": [
          80.2884066,
          13.0968183
        ]
      },
      "id": "node/10595652724"
    },
    {
      "type": "Feature",
      "properties": {
        "@id": "node/10611601106",
        "amenity": "cafe",
        "name": "4 am Bonda Shop"
      },
      "geometry": {
        "type": "Point",
        "coordinates": [
          80.2208569,
          13.0736757
        ]
      },
      "id": "node/10611601106"
    },
    {
      "type": "Feature",
      "properties": {
        "@id": "node/10611606706",
        "amenity": "cafe",
        "name": "Akka Shop"
      },
      "geometry": {
        "type": "Point",
        "coordinates": [
          80.2266215,
          13.1117167
        ]
      },
      "id": "node/10611606706"
    },
    {
      "type": "Feature",
      "properties": {
        "@id": "node/10611620606",
        "amenity": "cafe",
        "name": "FNF Smoke Shop"
      },
      "geometry": {
        "type": "Point",
        "coordinates": [
          80.2203288,
          13.085191
        ]
      },
      "id": "node/10611620606"
    },
    {
      "type": "Feature",
      "properties": {
        "@id": "node/10692322858",
        "amenity": "cafe",
        "brand": "Starbucks",
        "brand:wikidata": "Q37158",
        "cuisine": "coffee_shop",
        "name": "Starbucks",
        "official_name": "Starbucks Coffee",
        "outdoor_seating": "no",
        "takeaway": "yes"
      },
      "geometry": {
        "type": "Point",
        "coordinates": [
          80.2405213,
          12.9497648
        ]
      },
      "id": "node/10692322858"
    },
    {
      "type": "Feature",
      "properties": {
        "@id": "node/10742375560",
        "amenity": "cafe",
        "name": "Sabari Tea Stall"
      },
      "geometry": {
        "type": "Point",
        "coordinates": [
          80.2793185,
          13.098786
        ]
      },
      "id": "node/10742375560"
    },
    {
      "type": "Feature",
      "properties": {
        "@id": "node/10742504914",
        "amenity": "restaurant",
        "name": "Real Biriyani"
      },
      "geometry": {
        "type": "Point",
        "coordinates": [
          80.2847721,
          13.0886236
        ]
      },
      "id": "node/10742504914"
    },
    {
      "type": "Feature",
      "properties": {
        "@id": "node/10742504996",
        "amenity": "cafe",
        "name": "Myson"
      },
      "geometry": {
        "type": "Point",
        "coordinates": [
          80.2848828,
          13.0897314
        ]
      },
      "id": "node/10742504996"
    },
    {
      "type": "Feature",
      "properties": {
        "@id": "node/10742709880",
        "amenity": "restaurant",
        "name": "Hotel Shiva Sagar"
      },
      "geometry": {
        "type": "Point",
        "coordinates": [
          80.2761096,
          13.0847852
        ]
      },
      "id": "node/10742709880"
    },
    {
      "type": "Feature",
      "properties": {
        "@id": "node/10742709884",
        "amenity": "cafe",
        "name": "Sri Vinayaga Tea Stall"
      },
      "geometry": {
        "type": "Point",
        "coordinates": [
          80.2760315,
          13.0848718
        ]
      },
      "id": "node/10742709884"
    },
    {
      "type": "Feature",
      "properties": {
        "@id": "node/10742709889",
        "amenity": "restaurant",
        "name": "Sri Magesh Chettinadu Restaurant"
      },
      "geometry": {
        "type": "Point",
        "coordinates": [
          80.2760161,
          13.0849943
        ]
      },
      "id": "node/10742709889"
    },
    {
      "type": "Feature",
      "properties": {
        "@id": "node/10742858729",
        "amenity": "restaurant",
        "name": "New Central Hotel"
      },
      "geometry": {
        "type": "Point",
        "coordinates": [
          80.2762218,
          13.0835958
        ]
      },
      "id": "node/10742858729"
    },
    {
      "type": "Feature",
      "properties": {
        "@id": "node/10742858734",
        "amenity": "restaurant",
        "name": "OSCAR Restaurant"
      },
      "geometry": {
        "type": "Point",
        "coordinates": [
          80.2763247,
          13.0835518
        ]
      },
      "id": "node/10742858734"
    },
    {
      "type": "Feature",
      "properties": {
        "@id": "node/10798116920",
        "amenity": "restaurant",
        "name": "Ahmadia"
      },
      "geometry": {
        "type": "Point",
        "coordinates": [
          80.2823069,
          13.0886025
        ]
      },
      "id": "node/10798116920"
    },
    {
      "type": "Feature",
      "properties": {
        "@id": "node/10798116921",
        "amenity": "restaurant",
        "name": "Plaza Biriyani"
      },
      "geometry": {
        "type": "Point",
        "coordinates": [
          80.2822784,
          13.0886066
        ]
      },
      "id": "node/10798116921"
    },
    {
      "type": "Feature",
      "properties": {
        "@id": "node/10798123413",
        "amenity": "restaurant",
        "name": "New Annapoorani Hotel"
      },
      "geometry": {
        "type": "Point",
        "coordinates": [
          80.2825231,
          13.0916476
        ]
      },
      "id": "node/10798123413"
    },
    {
      "type": "Feature",
      "properties": {
        "@id": "node/10798127509",
        "amenity": "cafe",
        "name": "Sankar Cafe"
      },
      "geometry": {
        "type": "Point",
        "coordinates": [
          80.2832457,
          13.088514
        ]
      },
      "id": "node/10798127509"
    },
    {
      "type": "Feature",
      "properties": {
        "@id": "node/10833567237",
        "amenity": "cafe",
        "name": "Krishna Tea Stall"
      },
      "geometry": {
        "type": "Point",
        "coordinates": [
          80.2753938,
          13.0904483
        ]
      },
      "id": "node/10833567237"
    },
    {
      "type": "Feature",
      "properties": {
        "@id": "node/10833632689",
        "amenity": "restaurant",
        "name": "Karaikudi Chettinad Hotel"
      },
      "geometry": {
        "type": "Point",
        "coordinates": [
          80.2755976,
          13.0886531
        ]
      },
      "id": "node/10833632689"
    },
    {
      "type": "Feature",
      "properties": {
        "@id": "node/10875499885",
        "amenity": "cafe",
        "name": "Aburva Tea Stall"
      },
      "geometry": {
        "type": "Point",
        "coordinates": [
          80.2783025,
          13.0835335
        ]
      },
      "id": "node/10875499885"
    },
    {
      "type": "Feature",
      "properties": {
        "@id": "node/10875503608",
        "amenity": "cafe",
        "name": "Harichandhana Coffee House"
      },
      "geometry": {
        "type": "Point",
        "coordinates": [
          80.2781435,
          13.0836266
        ]
      },
      "id": "node/10875503608"
    },
    {
      "type": "Feature",
      "properties": {
        "@id": "node/10883889408",
        "amenity": "restaurant",
        "name": "Seiko Grill"
      },
      "geometry": {
        "type": "Point",
        "coordinates": [
          80.2859105,
          13.1046141
        ]
      },
      "id": "node/10883889408"
    },
    {
      "type": "Feature",
      "properties": {
        "@id": "node/10885759488",
        "amenity": "cafe",
        "name": "Seiko Cafe"
      },
      "geometry": {
        "type": "Point",
        "coordinates": [
          80.2856761,
          13.1047112
        ]
      },
      "id": "node/10885759488"
    },
    {
      "type": "Feature",
      "properties": {
        "@id": "node/10890731095",
        "amenity": "restaurant",
        "name": "Gowri Sankar Hotel"
      },
      "geometry": {
        "type": "Point",
        "coordinates": [
          80.2116533,
          13.056285
        ]
      },
      "id": "node/10890731095"
    },
    {
      "type": "Feature",
      "properties": {
        "@id": "node/10892847718",
        "amenity": "restaurant",
        "name": "Majeeth Restaurant"
      },
      "geometry": {
        "type": "Point",
        "coordinates": [
          80.2855257,
          13.1047537
        ]
      },
      "id": "node/10892847718"
    },
    {
      "type": "Feature",
      "properties": {
        "@id": "node/10892974729",
        "amenity": "restaurant",
        "name": "Hotel Sri Lakshmi"
      },
      "geometry": {
        "type": "Point",
        "coordinates": [
          80.2846056,
          13.1043444
        ]
      },
      "id": "node/10892974729"
    },
    {
      "type": "Feature",
      "properties": {
        "@id": "node/10893149196",
        "amenity": "restaurant",
        "name": "Saleem Biriyani"
      },
      "geometry": {
        "type": "Point",
        "coordinates": [
          80.2736521,
          13.1038579
        ]
      },
      "id": "node/10893149196"
    },
    {
      "type": "Feature",
      "properties": {
        "@id": "node/10893149197",
        "amenity": "restaurant",
        "name": "Fathima Burma Athoo Shop"
      },
      "geometry": {
        "type": "Point",
        "coordinates": [
          80.2736287,
          13.1038553
        ]
      },
      "id": "node/10893149197"
    },
    {
      "type": "Feature",
      "properties": {
        "@id": "node/10895930310",
        "amenity": "restaurant",
        "name": "Rasoee"
      },
      "geometry": {
        "type": "Point",
        "coordinates": [
          80.2795454,
          13.0930095
        ]
      },
      "id": "node/10895930310"
    },
    {
      "type": "Feature",
      "properties": {
        "@id": "node/10895930358",
        "amenity": "cafe",
        "name": "Assam Tea House"
      },
      "geometry": {
        "type": "Point",
        "coordinates": [
          80.2796696,
          13.0941723
        ]
      },
      "id": "node/10895930358"
    },
    {
      "type": "Feature",
      "properties": {
        "@id": "node/10895930400",
        "amenity": "cafe",
        "name": "Parvathi Filter Coffee and Tea"
      },
      "geometry": {
        "type": "Point",
        "coordinates": [
          80.2797847,
          13.0927811
        ]
      },
      "id": "node/10895930400"
    },
    {
      "type": "Feature",
      "properties": {
        "@id": "node/10913179703",
        "amenity": "cafe",
        "name": "Lena Tea Stall"
      },
      "geometry": {
        "type": "Point",
        "coordinates": [
          80.2793159,
          13.092844
        ]
      },
      "id": "node/10913179703"
    },
    {
      "type": "Feature",
      "properties": {
        "@id": "node/10913194707",
        "amenity": "restaurant",
        "name": "Chai Waale"
      },
      "geometry": {
        "type": "Point",
        "coordinates": [
          80.2793527,
          13.0930201
        ]
      },
      "id": "node/10913194707"
    },
    {
      "type": "Feature",
      "properties": {
        "@id": "node/10913194731",
        "amenity": "restaurant",
        "name": "Sri Saravan Sandwich Shop"
      },
      "geometry": {
        "type": "Point",
        "coordinates": [
          80.279431,
          13.0936496
        ]
      },
      "id": "node/10913194731"
    },
    {
      "type": "Feature",
      "properties": {
        "@id": "node/10913194768",
        "amenity": "restaurant",
        "name": "Om Chat"
      },
      "geometry": {
        "type": "Point",
        "coordinates": [
          80.2794732,
          13.0943685
        ]
      },
      "id": "node/10913194768"
    },
    {
      "type": "Feature",
      "properties": {
        "@id": "node/10915898218",
        "amenity": "restaurant",
        "name": "Sandwich Shop"
      },
      "geometry": {
        "type": "Point",
        "coordinates": [
          80.2796221,
          13.0926879
        ]
      },
      "id": "node/10915898218"
    },
    {
      "type": "Feature",
      "properties": {
        "@id": "node/10915906412",
        "amenity": "restaurant",
        "name": "Hotel Prayag"
      },
      "geometry": {
        "type": "Point",
        "coordinates": [
          80.2792058,
          13.0908796
        ]
      },
      "id": "node/10915906412"
    },
    {
      "type": "Feature",
      "properties": {
        "@id": "node/10931472809",
        "amenity": "cafe",
        "name": "Gupta Pan House"
      },
      "geometry": {
        "type": "Point",
        "coordinates": [
          80.2798853,
          13.0950966
        ]
      },
      "id": "node/10931472809"
    },
    {
      "type": "Feature",
      "properties": {
        "@id": "node/10931543608",
        "amenity": "restaurant",
        "name": "Siva Prasad Pure Vegetarian"
      },
      "geometry": {
        "type": "Point",
        "coordinates": [
          80.2804541,
          13.0945745
        ]
      },
      "id": "node/10931543608"
    },
    {
      "type": "Feature",
      "properties": {
        "@id": "node/10933186996",
        "amenity": "cafe",
        "name": "Archana Tea Stall"
      },
      "geometry": {
        "type": "Point",
        "coordinates": [
          80.2837737,
          13.0944314
        ]
      },
      "id": "node/10933186996"
    },
    {
      "type": "Feature",
      "properties": {
        "@id": "node/10933382983",
        "amenity": "restaurant",
        "cuisine": "indian;chinese",
        "diet:vegetarian": "yes",
        "name": "Ganga 3"
      },
      "geometry": {
        "type": "Point",
        "coordinates": [
          80.2800036,
          13.0966877
        ]
      },
      "id": "node/10933382983"
    },
    {
      "type": "Feature",
      "properties": {
        "@id": "node/10933383015",
        "amenity": "restaurant",
        "name": "Bombay Vadapav"
      },
      "geometry": {
        "type": "Point",
        "coordinates": [
          80.2799579,
          13.0961055
        ]
      },
      "id": "node/10933383015"
    },
    {
      "type": "Feature",
      "properties": {
        "@id": "node/10933383023",
        "amenity": "restaurant",
        "name": "DabeliWala"
      },
      "geometry": {
        "type": "Point",
        "coordinates": [
          80.2799538,
          13.0959704
        ]
      },
      "id": "node/10933383023"
    },
    {
      "type": "Feature",
      "properties": {
        "@id": "node/10933383032",
        "amenity": "restaurant",
        "name": "Raj Snacks"
      },
      "geometry": {
        "type": "Point",
        "coordinates": [
          80.2802074,
          13.0951485
        ]
      },
      "id": "node/10933383032"
    },
    {
      "type": "Feature",
      "properties": {
        "@id": "node/10933383035",
        "amenity": "restaurant",
        "name": "Raj Sree Chats"
      },
      "geometry": {
        "type": "Point",
        "coordinates": [
          80.2800706,
          13.0951634
        ]
      },
      "id": "node/10933383035"
    },
    {
      "type": "Feature",
      "properties": {
        "@id": "node/10933383042",
        "amenity": "restaurant",
        "name": "Roha Wala"
      },
      "geometry": {
        "type": "Point",
        "coordinates": [
          80.2798947,
          13.0954499
        ]
      },
      "id": "node/10933383042"
    },
    {
      "type": "Feature",
      "properties": {
        "@id": "node/10933484198",
        "amenity": "restaurant",
        "name": "Bismillah Biriyani"
      },
      "geometry": {
        "type": "Point",
        "coordinates": [
          80.2833342,
          13.0984553
        ]
      },
      "id": "node/10933484198"
    },
    {
      "type": "Feature",
      "properties": {
        "@id": "node/10933574885",
        "amenity": "cafe",
        "name": "Sri Vinodkumar Tea & Coffee Center"
      },
      "geometry": {
        "type": "Point",
        "coordinates": [
          80.2826617,
          13.0927005
        ]
      },
      "id": "node/10933574885"
    },
    {
      "type": "Feature",
      "properties": {
        "@id": "node/10933682417",
        "amenity": "cafe",
        "name": "Sri Krishna Tea and Coffee Centre"
      },
      "geometry": {
        "type": "Point",
        "coordinates": [
          80.2798331,
          13.0960454
        ]
      },
      "id": "node/10933682417"
    },
    {
      "type": "Feature",
      "properties": {
        "@id": "node/10933682420",
        "amenity": "restaurant",
        "name": "Prince Chat, Fresh Fruit & Juice"
      },
      "geometry": {
        "type": "Point",
        "coordinates": [
          80.2797296,
          13.0960626
        ]
      },
      "id": "node/10933682420"
    },
    {
      "type": "Feature",
      "properties": {
        "@id": "node/10933806229",
        "amenity": "cafe",
        "name": "Murugan Sandwich & Juice"
      },
      "geometry": {
        "type": "Point",
        "coordinates": [
          80.2797992,
          13.0955906
        ]
      },
      "id": "node/10933806229"
    },
    {
      "type": "Feature",
      "properties": {
        "@id": "node/10943965130",
        "amenity": "cafe",
        "name": "Tea Stall"
      },
      "geometry": {
        "type": "Point",
        "coordinates": [
          80.282896,
          13.0942797
        ]
      },
      "id": "node/10943965130"
    },
    {
      "type": "Feature",
      "properties": {
        "@id": "node/10945919479",
        "amenity": "cafe",
        "name": "Regal Snack Bar"
      },
      "geometry": {
        "type": "Point",
        "coordinates": [
          80.2819967,
          13.0942816
        ]
      },
      "id": "node/10945919479"
    },
    {
      "type": "Feature",
      "properties": {
        "@id": "node/10967203579",
        "amenity": "cafe",
        "name": "Sree Krishna Tea Stall"
      },
      "geometry": {
        "type": "Point",
        "coordinates": [
          80.2806248,
          13.0966321
        ]
      },
      "id": "node/10967203579"
    },
    {
      "type": "Feature",
      "properties": {
        "@id": "node/10967301666",
        "amenity": "cafe",
        "name": "Al-Aksar Tiffin Centre"
      },
      "geometry": {
        "type": "Point",
        "coordinates": [
          80.2840689,
          13.0966857
        ]
      },
      "id": "node/10967301666"
    },
    {
      "type": "Feature",
      "properties": {
        "@id": "node/10967640655",
        "amenity": "restaurant",
        "name": "The National Lodge Tiffin"
      },
      "geometry": {
        "type": "Point",
        "coordinates": [
          80.2815014,
          13.090063
        ]
      },
      "id": "node/10967640655"
    },
    {
      "type": "Feature",
      "properties": {
        "@id": "node/10967640678",
        "amenity": "cafe",
        "name": "Sree Sai Baba Tea Stall"
      },
      "geometry": {
        "type": "Point",
        "coordinates": [
          80.2812927,
          13.0888215
        ]
      },
      "id": "node/10967640678"
    },
    {
      "type": "Feature",
      "properties": {
        "@id": "node/10967640683",
        "amenity": "cafe",
        "name": "Lamcy Cafe"
      },
      "geometry": {
        "type": "Point",
        "coordinates": [
          80.281508,
          13.0887735
        ]
      },
      "id": "node/10967640683"
    },
    {
      "type": "Feature",
      "properties": {
        "@id": "node/10967640688",
        "amenity": "cafe",
        "name": "Everest Coffee"
      },
      "geometry": {
        "type": "Point",
        "coordinates": [
          80.2825072,
          13.0922909
        ]
      },
      "id": "node/10967640688"
    },
    {
      "type": "Feature",
      "properties": {
        "@id": "node/10968565445",
        "amenity": "restaurant",
        "name": "My Grandma Foods"
      },
      "geometry": {
        "type": "Point",
        "coordinates": [
          80.2811153,
          13.089712
        ]
      },
      "id": "node/10968565445"
    },
    {
      "type": "Feature",
      "properties": {
        "@id": "node/10972886561",
        "amenity": "cafe",
        "name": "Winners Snacks"
      },
      "geometry": {
        "type": "Point",
        "coordinates": [
          80.2807416,
          13.0924747
        ]
      },
      "id": "node/10972886561"
    },
    {
      "type": "Feature",
      "properties": {
        "@id": "node/11004086239",
        "amenity": "cafe",
        "cuisine": "coffee_shop",
        "name": "Aaladipattiyan Karupatti Coffee"
      },
      "geometry": {
        "type": "Point",
        "coordinates": [
          80.2232314,
          12.7966505
        ]
      },
      "id": "node/11004086239"
    },
    {
      "type": "Feature",
      "properties": {
        "@id": "node/11004086242",
        "amenity": "restaurant",
        "name": "Taster Of Kerala"
      },
      "geometry": {
        "type": "Point",
        "coordinates": [
          80.2232487,
          12.7964516
        ]
      },
      "id": "node/11004086242"
    },
    {
      "type": "Feature",
      "properties": {
        "@id": "node/11004086243",
        "amenity": "restaurant",
        "name": "Hotel Sri Krishna Bhavan"
      },
      "geometry": {
        "type": "Point",
        "coordinates": [
          80.2228725,
          12.7965336
        ]
      },
      "id": "node/11004086243"
    },
    {
      "type": "Feature",
      "properties": {
        "@id": "node/11107521908",
        "addr:housenumber": "15/4",
        "addr:street": "4th Main Road",
        "amenity": "restaurant",
        "cuisine": "burger",
        "name:en": "Borgar Man Besant Nagar"
      },
      "geometry": {
        "type": "Point",
        "coordinates": [
          80.2692146,
          13.0008762
        ]
      },
      "id": "node/11107521908"
    },
    {
      "type": "Feature",
      "properties": {
        "@id": "node/11125618139",
        "air_conditioning": "yes",
        "amenity": "restaurant",
        "diet:halal": "yes",
        "diet:vegetarian": "yes",
        "indoor_seating": "yes",
        "name": "Moonlight Restaurant",
        "outdoor_seating": "no",
        "payment:credit_cards": "yes",
        "payment:debit_cards": "yes"
      },
      "geometry": {
        "type": "Point",
        "coordinates": [
          80.1769423,
          13.0619643
        ]
      },
      "id": "node/11125618139"
    },
    {
      "type": "Feature",
      "properties": {
        "@id": "node/11129270368",
        "amenity": "restaurant",
        "name": "Mouthful"
      },
      "geometry": {
        "type": "Point",
        "coordinates": [
          79.9985857,
          13.0103331
        ]
      },
      "id": "node/11129270368"
    },
    {
      "type": "Feature",
      "properties": {
        "@id": "node/11159473174",
        "addr:housenumber": "1126",
        "addr:street": "EVR Periyar Salai",
        "amenity": "restaurant"
      },
      "geometry": {
        "type": "Point",
        "coordinates": [
          80.2705304,
          13.0808889
        ]
      },
      "id": "node/11159473174"
    },
    {
      "type": "Feature",
      "properties": {
        "@id": "node/11164628005",
        "addr:street": "TTK Road",
        "amenity": "restaurant",
        "name:en": "Royal Sandwich",
        "opening_hours": "Mo-Su 09:00-21:00"
      },
      "geometry": {
        "type": "Point",
        "coordinates": [
          80.2578026,
          13.03985
        ]
      },
      "id": "node/11164628005"
    },
    {
      "type": "Feature",
      "properties": {
        "@id": "node/11178386321",
        "air_conditioning": "yes",
        "amenity": "restaurant",
        "diet:vegetarian": "only",
        "name": "Namma Veedu Vasanta Bhavan",
        "name:ta": "நமம் வீடு வசந்த பவன்",
        "phone": "+044 4862 2498",
        "website": "https://www.vasantabhavan.in/"
      },
      "geometry": {
        "type": "Point",
        "coordinates": [
          80.2617168,
          13.0774212
        ]
      },
      "id": "node/11178386321"
    },
    {
      "type": "Feature",
      "properties": {
        "@id": "node/11206792095",
        "addr:housenumber": "28/9",
        "addr:postcode": "600041",
        "addr:street": "North Mada Street",
        "amenity": "restaurant",
        "cuisine": "indian",
        "diet:vegetarian": "yes",
        "level": "0",
        "name": "Native Tiffins",
        "opening_hours": "Mo-Su 06:30-22:30",
        "phone": "+918438870805",
        "self_service": "only"
      },
      "geometry": {
        "type": "Point",
        "coordinates": [
          80.2619675,
          12.9860999
        ]
      },
      "id": "node/11206792095"
    },
    {
      "type": "Feature",
      "properties": {
        "@id": "node/11224581538",
        "amenity": "restaurant",
        "name:en": "AGS Restaurant"
      },
      "geometry": {
        "type": "Point",
        "coordinates": [
          80.1787252,
          12.9183355
        ]
      },
      "id": "node/11224581538"
    },
    {
      "type": "Feature",
      "properties": {
        "@id": "node/11228531138",
        "amenity": "restaurant",
        "name:en": "Jai Biriyani"
      },
      "geometry": {
        "type": "Point",
        "coordinates": [
          80.1845504,
          12.8871671
        ]
      },
      "id": "node/11228531138"
    },
    {
      "type": "Feature",
      "properties": {
        "@id": "node/11229984135",
        "amenity": "restaurant",
        "name": "Ratna cafe"
      },
      "geometry": {
        "type": "Point",
        "coordinates": [
          80.2593989,
          13.0079506
        ]
      },
      "id": "node/11229984135"
    },
    {
      "type": "Feature",
      "properties": {
        "@id": "node/11231309637",
        "amenity": "restaurant",
        "cuisine": "indian",
        "name:en": "Hotel Ramanas Vegetarian"
      },
      "geometry": {
        "type": "Point",
        "coordinates": [
          80.194523,
          12.9167157
        ]
      },
      "id": "node/11231309637"
    },
    {
      "type": "Feature",
      "properties": {
        "@id": "node/11294845271",
        "amenity": "cafe",
        "name:en": "KBS coffee house"
      },
      "geometry": {
        "type": "Point",
        "coordinates": [
          80.1864663,
          12.9202456
        ]
      },
      "id": "node/11294845271"
    },
    {
      "type": "Feature",
      "properties": {
        "@id": "node/11294851769",
        "amenity": "restaurant",
        "name:en": "The Karaikudi Kitchen"
      },
      "geometry": {
        "type": "Point",
        "coordinates": [
          80.1931013,
          12.8816311
        ]
      },
      "id": "node/11294851769"
    },
    {
      "type": "Feature",
      "properties": {
        "@id": "node/11295076883",
        "addr:city": "Chennai",
        "addr:district": "Tamil Nadu",
        "addr:housenumber": "53/26",
        "addr:postcode": "600020",
        "addr:street": "Gandhi Nagar 1st Main Road",
        "amenity": "restaurant",
        "cuisine": "indian;south_indian;italian",
        "diet:vegetarian": "yes",
        "name": "Mathsya",
        "opening_hours": "Mo-Fr 07:00-23:00; Sa-Su 07:00-23:30"
      },
      "geometry": {
        "type": "Point",
        "coordinates": [
          80.254119,
          13.0069358
        ]
      },
      "id": "node/11295076883"
    },
    {
      "type": "Feature",
      "properties": {
        "@id": "node/11295106603",
        "addr:city": "Chennai",
        "addr:district": "Tamil Nadu",
        "addr:housenumber": "4th Floor, 53/26",
        "addr:postcode": "600020",
        "addr:street": "Gandhi Nagar 1st Main Road",
        "amenity": "cafe",
        "cuisine": "coffee_shop;pizza;italian",
        "name": "Cocoa and Crème Rooftop Cafe",
        "opening_hours": "Mo-Su 16:00-23:00",
        "outdoor_seating": "yes"
      },
      "geometry": {
        "type": "Point",
        "coordinates": [
          80.2541298,
          13.0069855
        ]
      },
      "id": "node/11295106603"
    },
    {
      "type": "Feature",
      "properties": {
        "@id": "node/11299210270",
        "amenity": "cafe",
        "name:fr": "Brownie Heaven"
      },
      "geometry": {
        "type": "Point",
        "coordinates": [
          80.2610245,
          13.0543059
        ]
      },
      "id": "node/11299210270"
    },
    {
      "type": "Feature",
      "properties": {
        "@id": "node/11299228769",
        "amenity": "restaurant",
        "name:fr": "Al Myn"
      },
      "geometry": {
        "type": "Point",
        "coordinates": [
          80.2910545,
          13.0960708
        ]
      },
      "id": "node/11299228769"
    },
    {
      "type": "Feature",
      "properties": {
        "@id": "node/11300088669",
        "amenity": "restaurant",
        "name:fr": "Poonam's Gujarati Bhojnalaya"
      },
      "geometry": {
        "type": "Point",
        "coordinates": [
          80.2858471,
          13.0901878
        ]
      },
      "id": "node/11300088669"
    },
    {
      "type": "Feature",
      "properties": {
        "@id": "node/11306582873",
        "amenity": "restaurant",
        "indoor_seating": "yes",
        "level": "0",
        "name": "Andhra Bhavan",
        "opening_hours": "Mo-Su 07:30-22:00; PH open",
        "outdoor_seating": "no"
      },
      "geometry": {
        "type": "Point",
        "coordinates": [
          80.2698337,
          13.0809129
        ]
      },
      "id": "node/11306582873"
    },
    {
      "type": "Feature",
      "properties": {
        "@id": "node/11309436645",
        "amenity": "restaurant",
        "level": "0",
        "toilets:wheelchair": "limited"
      },
      "geometry": {
        "type": "Point",
        "coordinates": [
          80.2780031,
          13.0822667
        ]
      },
      "id": "node/11309436645"
    },
    {
      "type": "Feature",
      "properties": {
        "@id": "node/11309436649",
        "amenity": "cafe",
        "cuisine": "coffee_shop",
        "level": "0",
        "name": "Irfan Snack Bar",
        "street_vendor": "yes",
        "wheelchair": "limited"
      },
      "geometry": {
        "type": "Point",
        "coordinates": [
          80.2779874,
          13.0822249
        ]
      },
      "id": "node/11309436649"
    },
    {
      "type": "Feature",
      "properties": {
        "@id": "node/11309436650",
        "amenity": "restaurant",
        "level": "0",
        "name": "A1 Fast Food",
        "wheelchair": "no"
      },
      "geometry": {
        "type": "Point",
        "coordinates": [
          80.278006,
          13.0822821
        ]
      },
      "id": "node/11309436650"
    },
    {
      "type": "Feature",
      "properties": {
        "@id": "node/11309436653",
        "amenity": "restaurant",
        "level": "0",
        "name": "Kuberan Tiffin Center",
        "wheelchair": "no"
      },
      "geometry": {
        "type": "Point",
        "coordinates": [
          80.2780088,
          13.0822992
        ]
      },
      "id": "node/11309436653"
    },
    {
      "type": "Feature",
      "properties": {
        "@id": "node/11309946622",
        "alt_name": "IRCTC",
        "amenity": "restaurant",
        "level": "0",
        "name": "Indian Railway Catering and Tourism Corporation",
        "wheelchair": "yes"
      },
      "geometry": {
        "type": "Point",
        "coordinates": [
          80.275948,
          13.0825495
        ]
      },
      "id": "node/11309946622"
    },
    {
      "type": "Feature",
      "properties": {
        "@id": "node/11386758484",
        "amenity": "restaurant",
        "check_date": "2026-04-20",
        "cuisine": "indian",
        "level": "1",
        "name": "Central Biriyani"
      },
      "geometry": {
        "type": "Point",
        "coordinates": [
          80.2748749,
          13.0827405
        ]
      },
      "id": "node/11386758484"
    },
    {
      "type": "Feature",
      "properties": {
        "@id": "node/11386758485",
        "air_conditioning": "yes",
        "amenity": "restaurant",
        "check_date": "2026-04-20",
        "cuisine": "indian",
        "diet:non-vegetarian": "yes",
        "ele": "10",
        "level": "1",
        "name": "Star Biryani",
        "opening_hours": "06:00-22:00"
      },
      "geometry": {
        "type": "Point",
        "coordinates": [
          80.2749268,
          13.0824383
        ]
      },
      "id": "node/11386758485"
    },
    {
      "type": "Feature",
      "properties": {
        "@id": "node/11386758486",
        "amenity": "cafe",
        "check_date": "2026-04-20",
        "cuisine": "coffee_shop",
        "diet:vegetarian": "yes",
        "level": "0",
        "name": "Madras Coffee House",
        "opening_hours": "Mo-Su 05:00-22:00"
      },
      "geometry": {
        "type": "Point",
        "coordinates": [
          80.2748713,
          13.0827681
        ]
      },
      "id": "node/11386758486"
    },
    {
      "type": "Feature",
      "properties": {
        "@id": "node/11395977090",
        "amenity": "cafe",
        "cuisine": "coffee_shop",
        "name": "Te Hut",
        "outdoor_seating": "yes"
      },
      "geometry": {
        "type": "Point",
        "coordinates": [
          80.2261541,
          13.046838
        ]
      },
      "id": "node/11395977090"
    },
    {
      "type": "Feature",
      "properties": {
        "@id": "node/11395977097",
        "amenity": "restaurant",
        "name": "Venkateshwara restaurant"
      },
      "geometry": {
        "type": "Point",
        "coordinates": [
          80.2302313,
          13.0517209
        ]
      },
      "id": "node/11395977097"
    },
    {
      "type": "Feature",
      "properties": {
        "@id": "node/11428732869",
        "amenity": "cafe",
        "name:en": "Green Land Beverages"
      },
      "geometry": {
        "type": "Point",
        "coordinates": [
          80.1731825,
          12.8959859
        ]
      },
      "id": "node/11428732869"
    },
    {
      "type": "Feature",
      "properties": {
        "@id": "node/11487145882",
        "amenity": "restaurant"
      },
      "geometry": {
        "type": "Point",
        "coordinates": [
          80.1054718,
          13.056251
        ]
      },
      "id": "node/11487145882"
    },
    {
      "type": "Feature",
      "properties": {
        "@id": "node/11496585030",
        "amenity": "cafe",
        "name": "Nambiyar Tea Stall"
      },
      "geometry": {
        "type": "Point",
        "coordinates": [
          80.2805336,
          13.1032564
        ]
      },
      "id": "node/11496585030"
    },
    {
      "type": "Feature",
      "properties": {
        "@id": "node/11502486271",
        "amenity": "restaurant",
        "name:en": "Dum Sooru"
      },
      "geometry": {
        "type": "Point",
        "coordinates": [
          80.1917534,
          12.9150159
        ]
      },
      "id": "node/11502486271"
    },
    {
      "type": "Feature",
      "properties": {
        "@id": "node/11502519569",
        "amenity": "restaurant",
        "cuisine": "chicken;fish;grill;indian;regional;seafood",
        "name:en": "Colcondas chef",
        "phone": "9962876999"
      },
      "geometry": {
        "type": "Point",
        "coordinates": [
          80.1915592,
          12.9150093
        ]
      },
      "id": "node/11502519569"
    },
    {
      "type": "Feature",
      "properties": {
        "@id": "node/11505502999",
        "amenity": "restaurant",
        "name": "Hotel Sri Annapoorani Bawan"
      },
      "geometry": {
        "type": "Point",
        "coordinates": [
          80.2798963,
          13.102361
        ]
      },
      "id": "node/11505502999"
    },
    {
      "type": "Feature",
      "properties": {
        "@id": "node/11505691823",
        "amenity": "restaurant",
        "name": "Star Kitchen"
      },
      "geometry": {
        "type": "Point",
        "coordinates": [
          80.2825789,
          13.1015647
        ]
      },
      "id": "node/11505691823"
    },
    {
      "type": "Feature",
      "properties": {
        "@id": "node/11510724068",
        "amenity": "cafe",
        "name": "Devi Tea Stall"
      },
      "geometry": {
        "type": "Point",
        "coordinates": [
          80.2867141,
          13.1011731
        ]
      },
      "id": "node/11510724068"
    },
    {
      "type": "Feature",
      "properties": {
        "@id": "node/11513123149",
        "amenity": "cafe",
        "name": "Cafe Madrassi"
      },
      "geometry": {
        "type": "Point",
        "coordinates": [
          80.2846695,
          13.1002052
        ]
      },
      "id": "node/11513123149"
    },
    {
      "type": "Feature",
      "properties": {
        "@id": "node/11513226090",
        "amenity": "restaurant",
        "name": "New Mughal Biriyani"
      },
      "geometry": {
        "type": "Point",
        "coordinates": [
          80.2845375,
          13.1002136
        ]
      },
      "id": "node/11513226090"
    },
    {
      "type": "Feature",
      "properties": {
        "@id": "node/11513276648",
        "amenity": "restaurant",
        "name": "Tridev Hot 'N' Cool"
      },
      "geometry": {
        "type": "Point",
        "coordinates": [
          80.2798533,
          13.1020525
        ]
      },
      "id": "node/11513276648"
    },
    {
      "type": "Feature",
      "properties": {
        "@id": "node/11513795731",
        "amenity": "cafe",
        "name": "Ravida Tea and Coffee Tiffin Centre"
      },
      "geometry": {
        "type": "Point",
        "coordinates": [
          80.2842335,
          13.1030432
        ]
      },
      "id": "node/11513795731"
    },
    {
      "type": "Feature",
      "properties": {
        "@id": "node/11517017885",
        "amenity": "restaurant",
        "name": "Archana Bhavan"
      },
      "geometry": {
        "type": "Point",
        "coordinates": [
          80.1891219,
          12.886228
        ]
      },
      "id": "node/11517017885"
    },
    {
      "type": "Feature",
      "properties": {
        "@id": "node/11533319778",
        "amenity": "restaurant",
        "name": "Nirmala Tiffen Center"
      },
      "geometry": {
        "type": "Point",
        "coordinates": [
          80.2842159,
          13.0977527
        ]
      },
      "id": "node/11533319778"
    },
    {
      "type": "Feature",
      "properties": {
        "@id": "node/11553237918",
        "addr:city": "Chennai",
        "addr:housenumber": "41",
        "addr:postcode": "600091",
        "addr:street": "Balaji Nagar 1st Street",
        "air_conditioning": "yes",
        "amenity": "cafe",
        "delivery": "yes",
        "internet_access": "no",
        "name": "TeaTrance & Snack Boat",
        "opening_hours": "Mo-Su 09:00-21:00",
        "outdoor_seating": "yes",
        "phone": "04447906014"
      },
      "geometry": {
        "type": "Point",
        "coordinates": [
          80.1920173,
          12.9743802
        ]
      },
      "id": "node/11553237918"
    },
    {
      "type": "Feature",
      "properties": {
        "@id": "node/11558628469",
        "amenity": "restaurant",
        "name:en": "Ganesa Moorthy Bhavan"
      },
      "geometry": {
        "type": "Point",
        "coordinates": [
          80.1916794,
          12.8822438
        ]
      },
      "id": "node/11558628469"
    },
    {
      "type": "Feature",
      "properties": {
        "@id": "node/11568486371",
        "amenity": "restaurant",
        "name:en": "Hari Hotel Non veg"
      },
      "geometry": {
        "type": "Point",
        "coordinates": [
          80.1816142,
          12.896455
        ]
      },
      "id": "node/11568486371"
    },
    {
      "type": "Feature",
      "properties": {
        "@id": "node/11568486372",
        "amenity": "restaurant",
        "name:en": "Hotel Annai Bhavan"
      },
      "geometry": {
        "type": "Point",
        "coordinates": [
          80.1815968,
          12.8964056
        ]
      },
      "id": "node/11568486372"
    },
    {
      "type": "Feature",
      "properties": {
        "@id": "node/11578023471",
        "amenity": "restaurant",
        "name": "Vegetarian Family Restaurant",
        "name:en": "good food"
      },
      "geometry": {
        "type": "Point",
        "coordinates": [
          80.2076279,
          13.0492981
        ]
      },
      "id": "node/11578023471"
    },
    {
      "type": "Feature",
      "properties": {
        "@id": "node/11578023669",
        "amenity": "restaurant",
        "name": "Vegetarian Famlily Restaurant",
        "name:en": "god food"
      },
      "geometry": {
        "type": "Point",
        "coordinates": [
          80.2076268,
          13.0492863
        ]
      },
      "id": "node/11578023669"
    },
    {
      "type": "Feature",
      "properties": {
        "@id": "node/11590569570",
        "amenity": "restaurant",
        "name:en": "Undu Magizh",
        "phone": "988442607;9962988141"
      },
      "geometry": {
        "type": "Point",
        "coordinates": [
          80.1881288,
          12.9048326
        ]
      },
      "id": "node/11590569570"
    },
    {
      "type": "Feature",
      "properties": {
        "@id": "node/11612949469",
        "amenity": "restaurant",
        "name:en": "Wild Garden Café – Améthyste"
      },
      "geometry": {
        "type": "Point",
        "coordinates": [
          80.2593262,
          13.0572977
        ]
      },
      "id": "node/11612949469"
    },
    {
      "type": "Feature",
      "properties": {
        "@id": "node/11617872869",
        "amenity": "cafe",
        "name": "Writer's Cafe"
      },
      "geometry": {
        "type": "Point",
        "coordinates": [
          80.2573889,
          13.0542899
        ]
      },
      "id": "node/11617872869"
    },
    {
      "type": "Feature",
      "properties": {
        "@id": "node/11618085269",
        "amenity": "restaurant",
        "name:en": "Palmshore"
      },
      "geometry": {
        "type": "Point",
        "coordinates": [
          80.1967907,
          12.921592
        ]
      },
      "id": "node/11618085269"
    },
    {
      "type": "Feature",
      "properties": {
        "@id": "node/11626579770",
        "amenity": "cafe",
        "name:en": "Dragon shake 70r"
      },
      "geometry": {
        "type": "Point",
        "coordinates": [
          80.2146468,
          13.0621433
        ]
      },
      "id": "node/11626579770"
    },
    {
      "type": "Feature",
      "properties": {
        "@id": "node/11644515069",
        "amenity": "restaurant",
        "name:en": "Nandhanas Palace"
      },
      "geometry": {
        "type": "Point",
        "coordinates": [
          80.2294731,
          12.8328482
        ]
      },
      "id": "node/11644515069"
    },
    {
      "type": "Feature",
      "properties": {
        "@id": "node/11644515169",
        "amenity": "restaurant",
        "name:en": "Hotel Namakkal"
      },
      "geometry": {
        "type": "Point",
        "coordinates": [
          80.1817178,
          12.8967087
        ]
      },
      "id": "node/11644515169"
    },
    {
      "type": "Feature",
      "properties": {
        "@id": "node/11680958269",
        "amenity": "restaurant",
        "name:en": "TKM Pandiyas Madurai restaurant"
      },
      "geometry": {
        "type": "Point",
        "coordinates": [
          80.1885433,
          12.9180183
        ]
      },
      "id": "node/11680958269"
    },
    {
      "type": "Feature",
      "properties": {
        "@id": "node/11697984853",
        "addr:city": "Chennai",
        "addr:district": "Tamil Nadu",
        "addr:housenumber": "202",
        "addr:postcode": "600119",
        "addr:street": "6th Avenue",
        "amenity": "restaurant",
        "email": "bay6chennai@gmail.com",
        "name": "Bay6 Restobar",
        "opening_hours": "Mo-Su 11:00-23:00",
        "phone": "+91 77700 66662",
        "website": "https://www.bay6chennai.com/"
      },
      "geometry": {
        "type": "Point",
        "coordinates": [
          80.2518739,
          12.8831941
        ]
      },
      "id": "node/11697984853"
    },
    {
      "type": "Feature",
      "properties": {
        "@id": "node/11703874549",
        "addr:city": "Chennai",
        "addr:district": "Chennai",
        "addr:housenumber": "No. 15",
        "addr:postcode": "600045",
        "addr:street": "Sriram nagar, Mudichur Rd, Ramani Nagar, West Tambaram, Tambaram,",
        "amenity": "restaurant",
        "name": "YAA MOHIDEEN BIRYANI Tambaram - யா மொகிதீன் பிரியாணி தாம்பரம்",
        "opening_hours": "Mo-Su 11:30-23:00",
        "phone": "08681082222"
      },
      "geometry": {
        "type": "Point",
        "coordinates": [
          80.0943432,
          12.9219301
        ]
      },
      "id": "node/11703874549"
    },
    {
      "type": "Feature",
      "properties": {
        "@id": "node/11703875000",
        "addr:city": "Chennai",
        "addr:district": "Chennai",
        "addr:housenumber": "No.709",
        "addr:postcode": "600045",
        "addr:street": "Kannan Avenue, Mudichur Rd, West Tambaram,",
        "amenity": "restaurant",
        "name": "New Al Madina Restaurant",
        "name:ta": "புதிய அல் மதினா உணவகம்",
        "opening_hours": "Mo-Su 11:30-23:00",
        "phone": "09976123176"
      },
      "geometry": {
        "type": "Point",
        "coordinates": [
          80.0935766,
          12.9216163
        ]
      },
      "id": "node/11703875000"
    },
    {
      "type": "Feature",
      "properties": {
        "@id": "node/11703919967",
        "addr:city": "Chennai",
        "addr:district": "Chennai",
        "addr:postcode": "600063",
        "addr:street": "Mudichur Rd, Kannan Avenue, Tambaram, Old Perungalathur",
        "amenity": "restaurant",
        "name": "Royal Beef Biriyani",
        "opening_hours": "Mo-Su 12:00-22:00"
      },
      "geometry": {
        "type": "Point",
        "coordinates": [
          80.0929404,
          12.9215614
        ]
      },
      "id": "node/11703919967"
    },
    {
      "type": "Feature",
      "properties": {
        "@id": "node/11703955527",
        "addr:city": "Chennai",
        "addr:district": "Chennai",
        "addr:postcode": "600063",
        "addr:street": "1st Main Road, Vettri Nagar, Bharathi Nagar, Tambaram",
        "amenity": "restaurant",
        "name": "AKR Brothers Biriyani & tiffin center - கர் பிரதர்ஸ் பிரியாணி & டிஃபன் சென்டர்",
        "opening_hours": "Mo-Su 07:00-22:00"
      },
      "geometry": {
        "type": "Point",
        "coordinates": [
          80.0933508,
          12.9221509
        ]
      },
      "id": "node/11703955527"
    },
    {
      "type": "Feature",
      "properties": {
        "@id": "node/11704001080",
        "addr:city": "Chennai",
        "addr:district": "Chennai",
        "addr:postcode": "600063",
        "addr:street": "W3CV+XWJ, 2nd St, Vettri Nagar, Jyothi Nagar, Tambaram",
        "amenity": "restaurant",
        "name": "Akshaya Hotel - அக்ஷய ஹோட்டல்",
        "opening_hours": "Mo-Su 07:00-22:30"
      },
      "geometry": {
        "type": "Point",
        "coordinates": [
          80.0947871,
          12.9224091
        ]
      },
      "id": "node/11704001080"
    },
    {
      "type": "Feature",
      "properties": {
        "@id": "node/11704019186",
        "addr:city": "Chennai",
        "addr:district": "Chennai",
        "addr:housenumber": "12",
        "addr:postcode": "600063",
        "addr:street": "Mudichur Rd, Ramani Nagar, Karummariamman Nagar, Vishnu Nagar, Tambaram",
        "amenity": "restaurant",
        "name": "Lakshmi Shankar Unavagam - லக்ஷ்மி ஷங்கர் உணவகம்",
        "opening_hours": "Mo-Su 06:00-22:00",
        "phone": "09488508892"
      },
      "geometry": {
        "type": "Point",
        "coordinates": [
          80.0946993,
          12.9220176
        ]
      },
      "id": "node/11704019186"
    },
    {
      "type": "Feature",
      "properties": {
        "@id": "node/11730210988",
        "addr:city": "Uthandi ,Chennai",
        "addr:housenumber": "141",
        "addr:postcode": "600119",
        "addr:street": "East Coast Road",
        "amenity": "restaurant",
        "name": "Gossip Fusion Bristo"
      },
      "geometry": {
        "type": "Point",
        "coordinates": [
          80.2433736,
          12.8672541
        ]
      },
      "id": "node/11730210988"
    },
    {
      "type": "Feature",
      "properties": {
        "@id": "node/11750169832",
        "amenity": "restaurant",
        "cuisine": "indian;coffee_shop;pizza;ice_cream",
        "diet:vegetarian": "yes",
        "name": "Shri Ramanaas",
        "opening_hours": "Mo-Su 06:30-23:00"
      },
      "geometry": {
        "type": "Point",
        "coordinates": [
          80.1945842,
          12.9163361
        ]
      },
      "id": "node/11750169832"
    },
    {
      "type": "Feature",
      "properties": {
        "@id": "node/11760323269",
        "amenity": "restaurant",
        "name:en": "Aruvi veg restaurant"
      },
      "geometry": {
        "type": "Point",
        "coordinates": [
          80.1529778,
          12.9231201
        ]
      },
      "id": "node/11760323269"
    },
    {
      "type": "Feature",
      "properties": {
        "@id": "node/11772373803",
        "amenity": "restaurant",
        "name": "Rainbow Ice Cream"
      },
      "geometry": {
        "type": "Point",
        "coordinates": [
          80.2797805,
          13.0947269
        ]
      },
      "id": "node/11772373803"
    },
    {
      "type": "Feature",
      "properties": {
        "@id": "node/11773318769",
        "amenity": "restaurant",
        "name:en": "Amma mess"
      },
      "geometry": {
        "type": "Point",
        "coordinates": [
          80.2177164,
          13.087585
        ]
      },
      "id": "node/11773318769"
    },
    {
      "type": "Feature",
      "properties": {
        "@id": "node/11804254219",
        "amenity": "restaurant",
        "image": "https://www.sathyabama.ac.in/sites/default/files/2020-01/IMG_8312-min.JPG",
        "name": "Boys Non-veg Mess"
      },
      "geometry": {
        "type": "Point",
        "coordinates": [
          80.2198742,
          12.8707963
        ]
      },
      "id": "node/11804254219"
    },
    {
      "type": "Feature",
      "properties": {
        "@id": "node/11804254228",
        "amenity": "restaurant",
        "name": "Boys Non-veg mess",
        "website": "https://www.sathyabama.ac.in/photo-gallery/mess_photographs"
      },
      "geometry": {
        "type": "Point",
        "coordinates": [
          80.2186682,
          12.8724671
        ]
      },
      "id": "node/11804254228"
    },
    {
      "type": "Feature",
      "properties": {
        "@id": "node/11828671526",
        "amenity": "restaurant",
        "name": "Basil with a twist"
      },
      "geometry": {
        "type": "Point",
        "coordinates": [
          80.24228,
          13.0496674
        ]
      },
      "id": "node/11828671526"
    },
    {
      "type": "Feature",
      "properties": {
        "@id": "node/11828671527",
        "amenity": "cafe",
        "description": "Pet Themed Cafè",
        "name": "Happy Bum Pets"
      },
      "geometry": {
        "type": "Point",
        "coordinates": [
          80.2428243,
          13.0506072
        ]
      },
      "id": "node/11828671527"
    },
    {
      "type": "Feature",
      "properties": {
        "@id": "node/11832498559",
        "amenity": "restaurant",
        "name": "Bombaysthan"
      },
      "geometry": {
        "type": "Point",
        "coordinates": [
          80.2642431,
          13.0376928
        ]
      },
      "id": "node/11832498559"
    },
    {
      "type": "Feature",
      "properties": {
        "@id": "node/11834576825",
        "amenity": "restaurant",
        "name": "Chicking"
      },
      "geometry": {
        "type": "Point",
        "coordinates": [
          80.2440699,
          13.0631465
        ]
      },
      "id": "node/11834576825"
    },
    {
      "type": "Feature",
      "properties": {
        "@id": "node/11834587756",
        "amenity": "restaurant",
        "name": "Ponnusamy Hotel"
      },
      "geometry": {
        "type": "Point",
        "coordinates": [
          80.245495,
          13.0609702
        ]
      },
      "id": "node/11834587756"
    },
    {
      "type": "Feature",
      "properties": {
        "@id": "node/11848217950",
        "amenity": "restaurant",
        "name": "Girls mess"
      },
      "geometry": {
        "type": "Point",
        "coordinates": [
          80.2217535,
          12.8751022
        ]
      },
      "id": "node/11848217950"
    },
    {
      "type": "Feature",
      "properties": {
        "@id": "node/11850592829",
        "amenity": "restaurant",
        "check_date": "2024-04-26",
        "diet:vegan": "yes",
        "diet:vegetarian": "yes",
        "name": "Santrupti Fine Dine"
      },
      "geometry": {
        "type": "Point",
        "coordinates": [
          80.1845758,
          13.0203079
        ]
      },
      "id": "node/11850592829"
    },
    {
      "type": "Feature",
      "properties": {
        "@id": "node/11861648276",
        "amenity": "cafe",
        "cuisine": "coffee_shop",
        "name": "Mulberry tea, chaat and fruit bar"
      },
      "geometry": {
        "type": "Point",
        "coordinates": [
          80.1992927,
          13.0508919
        ]
      },
      "id": "node/11861648276"
    },
    {
      "type": "Feature",
      "properties": {
        "@id": "node/11901008265",
        "amenity": "restaurant",
        "name": "Sree balajee bhavan"
      },
      "geometry": {
        "type": "Point",
        "coordinates": [
          80.2014829,
          13.1240104
        ]
      },
      "id": "node/11901008265"
    },
    {
      "type": "Feature",
      "properties": {
        "@id": "node/12108756579",
        "amenity": "restaurant",
        "brand": "Adyar Ananda Bhavan",
        "cuisine": "indian",
        "diet:vegetarian": "yes",
        "name": "Adyar Ananda Bhavan"
      },
      "geometry": {
        "type": "Point",
        "coordinates": [
          80.2264289,
          12.8736602
        ]
      },
      "id": "node/12108756579"
    },
    {
      "type": "Feature",
      "properties": {
        "@id": "node/12123812920",
        "air_conditioning": "yes",
        "amenity": "restaurant",
        "diet:kosher": "no",
        "name": "Dine time",
        "phone": "+919940070151"
      },
      "geometry": {
        "type": "Point",
        "coordinates": [
          80.0004278,
          12.7385671
        ]
      },
      "id": "node/12123812920"
    },
    {
      "type": "Feature",
      "properties": {
        "@id": "node/12146020762",
        "amenity": "cafe",
        "cuisine": "coffee_shop",
        "name": "Aavin Booth",
        "opening_hours": "Mo-Su 10:00-19:00",
        "outdoor_seating": "yes"
      },
      "geometry": {
        "type": "Point",
        "coordinates": [
          80.2626494,
          13.0813864
        ]
      },
      "id": "node/12146020762"
    },
    {
      "type": "Feature",
      "properties": {
        "@id": "node/12167603124",
        "amenity": "restaurant",
        "name": "Buhari Hotel"
      },
      "geometry": {
        "type": "Point",
        "coordinates": [
          80.2243634,
          13.079622
        ]
      },
      "id": "node/12167603124"
    },
    {
      "type": "Feature",
      "properties": {
        "@id": "node/12174455952",
        "amenity": "cafe",
        "brand": "Starbucks",
        "brand:wikidata": "Q37158",
        "cuisine": "coffee_shop",
        "name": "Starbucks",
        "official_name": "Starbucks Coffee",
        "opening_hours": "Mo-Sa 08:00-18:00",
        "takeaway": "yes"
      },
      "geometry": {
        "type": "Point",
        "coordinates": [
          80.1688888,
          13.0295743
        ]
      },
      "id": "node/12174455952"
    },
    {
      "type": "Feature",
      "properties": {
        "@id": "node/12253480157",
        "amenity": "restaurant",
        "cuisine": "indian",
        "diet:non-vegetarian": "yes",
        "diet:vegetarian": "yes",
        "name": "Lasaka Home Made Foods",
        "opening_hours": "Mo-Sa 18:00-00:00",
        "phone": "+918610292382"
      },
      "geometry": {
        "type": "Point",
        "coordinates": [
          80.128149,
          13.0571704
        ]
      },
      "id": "node/12253480157"
    },
    {
      "type": "Feature",
      "properties": {
        "@id": "node/12281652111",
        "addr:city": "Chennai",
        "addr:district": "Chennai",
        "addr:housenumber": "11/4",
        "addr:postcode": "600017",
        "addr:street": "Periyar Road",
        "air_conditioning": "yes",
        "amenity": "cafe",
        "cuisine": "coffee_shop;sandwich;pizza;ice_cream",
        "highchair": "yes",
        "internet_access": "yes",
        "internet_access:fee": "no",
        "name": "Crafe",
        "opening_hours": "Mo-Su 11:00-23:00",
        "outdoor_seating": "yes",
        "toilets": "yes",
        "website": "https://crafeindia.com/"
      },
      "geometry": {
        "type": "Point",
        "coordinates": [
          80.2359545,
          13.0525907
        ]
      },
      "id": "node/12281652111"
    },
    {
      "type": "Feature",
      "properties": {
        "@id": "node/12290460802",
        "amenity": "restaurant",
        "name": "The Madras Grand",
        "phone": "+91 93848 81777"
      },
      "geometry": {
        "type": "Point",
        "coordinates": [
          80.2560383,
          13.075221
        ]
      },
      "id": "node/12290460802"
    },
    {
      "type": "Feature",
      "properties": {
        "@id": "node/12312296168",
        "amenity": "restaurant",
        "description": "karaikudi chettinad food",
        "indoor_seating": "yes",
        "name": "Hotel Pandiyas",
        "outdoor_seating": "no"
      },
      "geometry": {
        "type": "Point",
        "coordinates": [
          80.1498236,
          13.0456755
        ]
      },
      "id": "node/12312296168"
    },
    {
      "type": "Feature",
      "properties": {
        "@id": "node/12318461935",
        "amenity": "restaurant",
        "name": "Faruuzi Multicuisine"
      },
      "geometry": {
        "type": "Point",
        "coordinates": [
          80.1937064,
          12.9484704
        ]
      },
      "id": "node/12318461935"
    },
    {
      "type": "Feature",
      "properties": {
        "@id": "node/12318482770",
        "amenity": "restaurant",
        "name": "Sangeetha Veg Restaurant"
      },
      "geometry": {
        "type": "Point",
        "coordinates": [
          80.1936384,
          12.9484678
        ]
      },
      "id": "node/12318482770"
    },
    {
      "type": "Feature",
      "properties": {
        "@id": "node/12324896511",
        "addr:housenumber": "38/103",
        "addr:street": "1st Floor, OMR, opp. AKDR Golf Village, next to City Union Bank, NJK Avenue, Thoraipakkam, Chennai, Tamil Nadu 600097",
        "amenity": "cafe",
        "name": "Nellai karupatti coffee",
        "opening_hours": "Mo-Su 05:00-22:00"
      },
      "geometry": {
        "type": "Point",
        "coordinates": [
          80.2352156,
          12.9379082
        ]
      },
      "id": "node/12324896511"
    },
    {
      "type": "Feature",
      "properties": {
        "@id": "node/12369185745",
        "amenity": "restaurant",
        "name": "broadlands hotel"
      },
      "geometry": {
        "type": "Point",
        "coordinates": [
          80.2734469,
          13.0630503
        ]
      },
      "id": "node/12369185745"
    },
    {
      "type": "Feature",
      "properties": {
        "@id": "node/12378290620",
        "amenity": "restaurant",
        "check_date": "2024-12-21",
        "name": "Delicious",
        "payment:cash": "yes",
        "payment:credit_cards": "yes",
        "payment:debit_cards": "yes",
        "wheelchair": "no"
      },
      "geometry": {
        "type": "Point",
        "coordinates": [
          79.9998327,
          12.7381194
        ]
      },
      "id": "node/12378290620"
    },
    {
      "type": "Feature",
      "properties": {
        "@id": "node/12378370434",
        "amenity": "cafe",
        "name": "The Cafe Lounge",
        "name:en": "The Cafe Lounge",
        "name:ta": "தி கஃபே லாஞ்ச்"
      },
      "geometry": {
        "type": "Point",
        "coordinates": [
          80.0014997,
          12.7378316
        ]
      },
      "id": "node/12378370434"
    },
    {
      "type": "Feature",
      "properties": {
        "@id": "node/12385699538",
        "amenity": "cafe",
        "cuisine": "coffee_shop;sandwich;indian",
        "name": "We Chai"
      },
      "geometry": {
        "type": "Point",
        "coordinates": [
          80.1559695,
          13.0138912
        ]
      },
      "id": "node/12385699538"
    },
    {
      "type": "Feature",
      "properties": {
        "@id": "node/12438708580",
        "amenity": "restaurant",
        "check_date": "2024-12-21",
        "diet:vegetarian": "yes",
        "name": "Annalakshmi Restaurant"
      },
      "geometry": {
        "type": "Point",
        "coordinates": [
          80.0012342,
          12.7378472
        ]
      },
      "id": "node/12438708580"
    },
    {
      "type": "Feature",
      "properties": {
        "@id": "node/12438732366",
        "addr:floor": "1",
        "amenity": "restaurant",
        "check_date": "2024-12-21",
        "name": "Bite 'n Eat Dindukal thalapakati Restaurant",
        "payment:cash": "yes",
        "payment:credit_cards": "yes",
        "payment:debit_cards": "yes"
      },
      "geometry": {
        "type": "Point",
        "coordinates": [
          80.0006135,
          12.7380691
        ]
      },
      "id": "node/12438732366"
    },
    {
      "type": "Feature",
      "properties": {
        "@id": "node/12438738104",
        "amenity": "restaurant",
        "check_date": "2024-12-21",
        "name": "Taansen Sea Food Restaurant"
      },
      "geometry": {
        "type": "Point",
        "coordinates": [
          80.0006904,
          12.738053
        ]
      },
      "id": "node/12438738104"
    },
    {
      "type": "Feature",
      "properties": {
        "@id": "node/12438741281",
        "amenity": "cafe",
        "branch": "Bowls",
        "brand": "CoCo",
        "brand:wikidata": "Q65084369",
        "check_date": "2024-12-21",
        "cuisine": "bubble_tea",
        "name": "CoCo Fresh Tea & Juice",
        "outdoor_seating": "yes",
        "short_name": "CoCo",
        "takeaway": "yes"
      },
      "geometry": {
        "type": "Point",
        "coordinates": [
          80.0002134,
          12.7382502
        ]
      },
      "id": "node/12438741281"
    },
    {
      "type": "Feature",
      "properties": {
        "@id": "node/12458688667",
        "amenity": "restaurant",
        "check_date": "2024-12-28",
        "name:en": "Abbas Bai Biriyani"
      },
      "geometry": {
        "type": "Point",
        "coordinates": [
          80.3090077,
          13.1847763
        ]
      },
      "id": "node/12458688667"
    },
    {
      "type": "Feature",
      "properties": {
        "@id": "node/12458688671",
        "amenity": "restaurant",
        "check_date": "2024-12-28",
        "internet_access": "wlan",
        "internet_access:fee": "no",
        "name:en": "Andhra Mess"
      },
      "geometry": {
        "type": "Point",
        "coordinates": [
          80.3085671,
          13.1838978
        ]
      },
      "id": "node/12458688671"
    },
    {
      "type": "Feature",
      "properties": {
        "@id": "node/12458790370",
        "amenity": "cafe",
        "check_date": "2024-12-28",
        "cuisine": "coffee_shop",
        "name": "Road Side Shops Athoo, Fresh Juice And Tea Shop"
      },
      "geometry": {
        "type": "Point",
        "coordinates": [
          80.3074132,
          13.1788705
        ]
      },
      "id": "node/12458790370"
    },
    {
      "type": "Feature",
      "properties": {
        "@id": "node/12458790384",
        "amenity": "cafe",
        "check_date": "2024-12-28",
        "cuisine": "coffee_shop",
        "name": "Road Side Ahop"
      },
      "geometry": {
        "type": "Point",
        "coordinates": [
          80.3148338,
          13.1805892
        ]
      },
      "id": "node/12458790384"
    },
    {
      "type": "Feature",
      "properties": {
        "@id": "node/12473051001",
        "addr:housenumber": "2",
        "addr:postcode": "600017",
        "addr:street": "Bhagirathi Ammal Street",
        "amenity": "restaurant",
        "contact:facebook": "PaatiVeedu",
        "contact:instagram": "paativeedu",
        "cuisine": "indian",
        "diet:vegetarian": "yes",
        "email": "gm@paativeedu.com",
        "name": "Paati Veedu",
        "opening_hours": "Mo-Th 12:00-15:30,19:00-22:00; Fr-Su 11:30-15:30,19:00-22:00",
        "website": "https://paativeedu.com/",
        "website:menu": "https://paativeedu.com/restaurant.html"
      },
      "geometry": {
        "type": "Point",
        "coordinates": [
          80.2390445,
          13.0477044
        ]
      },
      "id": "node/12473051001"
    },
    {
      "type": "Feature",
      "properties": {
        "@id": "node/12517830701",
        "amenity": "restaurant",
        "name": "Ibrahim's BBQ House"
      },
      "geometry": {
        "type": "Point",
        "coordinates": [
          80.2238705,
          13.0122894
        ]
      },
      "id": "node/12517830701"
    },
    {
      "type": "Feature",
      "properties": {
        "@id": "node/12528602501",
        "amenity": "restaurant",
        "name": "Jayam Andhra Mess"
      },
      "geometry": {
        "type": "Point",
        "coordinates": [
          80.2238958,
          13.0122977
        ]
      },
      "id": "node/12528602501"
    },
    {
      "type": "Feature",
      "properties": {
        "@id": "node/12533562702",
        "amenity": "restaurant",
        "name": "Hot Chips veg restaurant"
      },
      "geometry": {
        "type": "Point",
        "coordinates": [
          80.1969513,
          12.9208368
        ]
      },
      "id": "node/12533562702"
    },
    {
      "type": "Feature",
      "properties": {
        "@id": "node/12533562703",
        "amenity": "restaurant",
        "name": "Ayyanar Chettinad Restaurant"
      },
      "geometry": {
        "type": "Point",
        "coordinates": [
          80.1969868,
          12.9209308
        ]
      },
      "id": "node/12533562703"
    },
    {
      "type": "Feature",
      "properties": {
        "@id": "node/12543232801",
        "addr:street": "EVR Periyar Salai",
        "amenity": "restaurant",
        "name": "Arul Chettinad Hotel"
      },
      "geometry": {
        "type": "Point",
        "coordinates": [
          80.2259631,
          13.0737596
        ]
      },
      "id": "node/12543232801"
    },
    {
      "type": "Feature",
      "properties": {
        "@id": "node/12546654989",
        "amenity": "restaurant",
        "check_date": "2025-01-31",
        "name": "Abid's Restaurant",
        "payment:cash": "yes",
        "payment:credit_cards": "yes",
        "payment:debit_cards": "yes",
        "phone": "04428364040; 04443374747; +91 98412 84703"
      },
      "geometry": {
        "type": "Point",
        "coordinates": [
          80.2504038,
          13.0716807
        ]
      },
      "id": "node/12546654989"
    },
    {
      "type": "Feature",
      "properties": {
        "@id": "node/12548068101",
        "addr:street": "Mayor Ramanathan Road (Spur Tank Road)",
        "amenity": "restaurant",
        "name": "Palimar Hotel"
      },
      "geometry": {
        "type": "Point",
        "coordinates": [
          80.2522631,
          13.072631
        ]
      },
      "id": "node/12548068101"
    },
    {
      "type": "Feature",
      "properties": {
        "@id": "node/12550545762",
        "amenity": "cafe",
        "check_date": "2025-02-02",
        "name": "Cake Waves"
      },
      "geometry": {
        "type": "Point",
        "coordinates": [
          80.1991697,
          13.0471842
        ]
      },
      "id": "node/12550545762"
    },
    {
      "type": "Feature",
      "properties": {
        "@id": "node/12550777631",
        "addr:city": "Chennai",
        "addr:housenumber": "24",
        "addr:postcode": "600020",
        "addr:street": "Gandhi Nagar 2nd Main Road",
        "amenity": "restaurant",
        "description": "Sweets, snacks and south Indian eatery.",
        "name": "The Grand Sweets & Snacks",
        "name:ta": "தி க்ரான்ட் ஸ்வீட்ஸ் அண்டு ஸ்நாக்ஸ்"
      },
      "geometry": {
        "type": "Point",
        "coordinates": [
          80.2536416,
          13.0075596
        ]
      },
      "id": "node/12550777631"
    },
    {
      "type": "Feature",
      "properties": {
        "@id": "node/12554057401",
        "amenity": "restaurant",
        "name": "Naidu Andhra Mess"
      },
      "geometry": {
        "type": "Point",
        "coordinates": [
          80.2248506,
          13.0143188
        ]
      },
      "id": "node/12554057401"
    },
    {
      "type": "Feature",
      "properties": {
        "@id": "node/12556525467",
        "amenity": "restaurant",
        "name": "Madurai Kumar Mess"
      },
      "geometry": {
        "type": "Point",
        "coordinates": [
          80.117286,
          12.9252268
        ]
      },
      "id": "node/12556525467"
    },
    {
      "type": "Feature",
      "properties": {
        "@id": "node/12557371744",
        "amenity": "restaurant",
        "diet:vegetarian": "yes",
        "name": "Geetham Veg",
        "name:ta": "கீதம் சைவம்",
        "opening_hours": "Mo-Su 06:00-00:00"
      },
      "geometry": {
        "type": "Point",
        "coordinates": [
          80.2182575,
          12.9884101
        ]
      },
      "id": "node/12557371744"
    },
    {
      "type": "Feature",
      "properties": {
        "@id": "node/12557371745",
        "amenity": "restaurant",
        "name": "Copper Kitchen",
        "name:ta": "காப்பர் கிச்சன்"
      },
      "geometry": {
        "type": "Point",
        "coordinates": [
          80.2186763,
          12.9899176
        ]
      },
      "id": "node/12557371745"
    },
    {
      "type": "Feature",
      "properties": {
        "@id": "node/12557371754",
        "amenity": "restaurant",
        "diet:vegetarian": "yes",
        "name": "Haven Sampoorna"
      },
      "geometry": {
        "type": "Point",
        "coordinates": [
          80.2187592,
          12.990245
        ]
      },
      "id": "node/12557371754"
    },
    {
      "type": "Feature",
      "properties": {
        "@id": "node/12558418401",
        "amenity": "restaurant",
        "name": "Appu Kadai Briyani"
      },
      "geometry": {
        "type": "Point",
        "coordinates": [
          80.2244558,
          13.0110882
        ]
      },
      "id": "node/12558418401"
    },
    {
      "type": "Feature",
      "properties": {
        "@id": "node/12558457640",
        "amenity": "restaurant",
        "name": "Mess 2"
      },
      "geometry": {
        "type": "Point",
        "coordinates": [
          80.0739369,
          13.051144
        ]
      },
      "id": "node/12558457640"
    },
    {
      "type": "Feature",
      "properties": {
        "@id": "node/12561286001",
        "amenity": "restaurant",
        "name": "Curry Kitchen"
      },
      "geometry": {
        "type": "Point",
        "coordinates": [
          80.1657694,
          12.983758
        ]
      },
      "id": "node/12561286001"
    },
    {
      "type": "Feature",
      "properties": {
        "@id": "node/12568401589",
        "addr:housenumber": "#20/A",
        "addr:street": "Sivaraman street, Triplicane",
        "amenity": "restaurant",
        "check_date": "2025-02-08",
        "name": "BBQ Bro's",
        "payment:cash": "yes",
        "payment:credit_cards": "yes",
        "payment:debit_cards": "yes",
        "phone": "+91 81484 68861; +91 98405 78834"
      },
      "geometry": {
        "type": "Point",
        "coordinates": [
          80.2741982,
          13.0564212
        ]
      },
      "id": "node/12568401589"
    },
    {
      "type": "Feature",
      "properties": {
        "@id": "node/12570580089",
        "amenity": "restaurant",
        "check_date": "2025-02-09",
        "name": "SS HYDERABAD BRIYANI"
      },
      "geometry": {
        "type": "Point",
        "coordinates": [
          80.3004988,
          13.1530712
        ]
      },
      "id": "node/12570580089"
    },
    {
      "type": "Feature",
      "properties": {
        "@id": "node/12570580174",
        "amenity": "restaurant",
        "check_date": "2025-02-09",
        "name": "Khalids Briyani &Aazhi",
        "phone": "+91 99433 17175"
      },
      "geometry": {
        "type": "Point",
        "coordinates": [
          80.3008776,
          13.1581447
        ]
      },
      "id": "node/12570580174"
    },
    {
      "type": "Feature",
      "properties": {
        "@id": "node/12581645344",
        "amenity": "restaurant",
        "check_date": "2025-02-12",
        "name": "Hotel Sri Raj Bhavan"
      },
      "geometry": {
        "type": "Point",
        "coordinates": [
          80.2412895,
          13.1287772
        ]
      },
      "id": "node/12581645344"
    },
    {
      "type": "Feature",
      "properties": {
        "@id": "node/12597545501",
        "amenity": "restaurant",
        "name": "Hotel Ashok Bhavan"
      },
      "geometry": {
        "type": "Point",
        "coordinates": [
          80.2251186,
          13.0148042
        ]
      },
      "id": "node/12597545501"
    },
    {
      "type": "Feature",
      "properties": {
        "@id": "node/12609258801",
        "amenity": "restaurant",
        "name": "Hotel Nellai"
      },
      "geometry": {
        "type": "Point",
        "coordinates": [
          80.1757762,
          12.8910186
        ]
      },
      "id": "node/12609258801"
    },
    {
      "type": "Feature",
      "properties": {
        "@id": "node/12611350337",
        "amenity": "restaurant",
        "name": "Azzuri bay"
      },
      "geometry": {
        "type": "Point",
        "coordinates": [
          80.2539306,
          13.0113205
        ]
      },
      "id": "node/12611350337"
    },
    {
      "type": "Feature",
      "properties": {
        "@id": "node/12611675463",
        "amenity": "restaurant",
        "name": "Butterheads"
      },
      "geometry": {
        "type": "Point",
        "coordinates": [
          80.2539592,
          13.0112709
        ]
      },
      "id": "node/12611675463"
    },
    {
      "type": "Feature",
      "properties": {
        "@id": "node/12647547504",
        "amenity": "restaurant",
        "name": "Palmshore multi cuisine"
      },
      "geometry": {
        "type": "Point",
        "coordinates": [
          80.1872924,
          13.0722272
        ]
      },
      "id": "node/12647547504"
    },
    {
      "type": "Feature",
      "properties": {
        "@id": "node/12672392768",
        "amenity": "restaurant",
        "cuisine": "chinese",
        "name": "Golden Dragon"
      },
      "geometry": {
        "type": "Point",
        "coordinates": [
          80.2473021,
          13.0583978
        ]
      },
      "id": "node/12672392768"
    },
    {
      "type": "Feature",
      "properties": {
        "@id": "node/12672392769",
        "amenity": "restaurant",
        "cuisine": "south_indian",
        "name": "Southern Spice"
      },
      "geometry": {
        "type": "Point",
        "coordinates": [
          80.2470479,
          13.0582098
        ]
      },
      "id": "node/12672392769"
    },
    {
      "type": "Feature",
      "properties": {
        "@id": "node/12672392770",
        "amenity": "restaurant",
        "name": "Anise"
      },
      "geometry": {
        "type": "Point",
        "coordinates": [
          80.247065,
          13.0581405
        ]
      },
      "id": "node/12672392770"
    },
    {
      "type": "Feature",
      "properties": {
        "@id": "node/12679858901",
        "addr:street": "Taylors Road",
        "amenity": "cafe",
        "name": "The Entrance Cafe",
        "opening_hours": "Mo-Su 08:30-22:30"
      },
      "geometry": {
        "type": "Point",
        "coordinates": [
          80.2384331,
          13.0832543
        ]
      },
      "id": "node/12679858901"
    },
    {
      "type": "Feature",
      "properties": {
        "@id": "node/12698123173",
        "addr:floor": "2",
        "amenity": "restaurant",
        "check_date": "2025-03-25",
        "level": "1",
        "name": "Trichy Malaikottai Mess",
        "phone": "+91 96000 14006"
      },
      "geometry": {
        "type": "Point",
        "coordinates": [
          80.0014634,
          12.737753
        ]
      },
      "id": "node/12698123173"
    },
    {
      "type": "Feature",
      "properties": {
        "@id": "node/12698133036",
        "amenity": "restaurant",
        "check_date": "2025-03-25",
        "name": "Virundhagam Chettinad Mess"
      },
      "geometry": {
        "type": "Point",
        "coordinates": [
          80.0008617,
          12.7324112
        ]
      },
      "id": "node/12698133036"
    },
    {
      "type": "Feature",
      "properties": {
        "@id": "node/12698207055",
        "addr:floor": "2",
        "amenity": "restaurant",
        "check_date": "2025-03-25",
        "level": "1",
        "name": "Hotel Navaneedham"
      },
      "geometry": {
        "type": "Point",
        "coordinates": [
          80.0017952,
          12.7377624
        ]
      },
      "id": "node/12698207055"
    },
    {
      "type": "Feature",
      "properties": {
        "@id": "node/12709342901",
        "amenity": "restaurant",
        "name": "Undu Magizh"
      },
      "geometry": {
        "type": "Point",
        "coordinates": [
          80.1879357,
          12.9051211
        ]
      },
      "id": "node/12709342901"
    },
    {
      "type": "Feature",
      "properties": {
        "@id": "node/12728127501",
        "amenity": "restaurant",
        "name": "Sri Durga Bhavan",
        "phone": "9025557620"
      },
      "geometry": {
        "type": "Point",
        "coordinates": [
          80.1765099,
          12.8916911
        ]
      },
      "id": "node/12728127501"
    },
    {
      "type": "Feature",
      "properties": {
        "@id": "node/12769426001",
        "amenity": "cafe",
        "name": "Balaji Tea and Juice Shop"
      },
      "geometry": {
        "type": "Point",
        "coordinates": [
          80.1920166,
          12.914162
        ]
      },
      "id": "node/12769426001"
    },
    {
      "type": "Feature",
      "properties": {
        "@id": "node/12785314301",
        "amenity": "restaurant",
        "name": "Kamatchi Mess"
      },
      "geometry": {
        "type": "Point",
        "coordinates": [
          80.194719,
          12.9151701
        ]
      },
      "id": "node/12785314301"
    },
    {
      "type": "Feature",
      "properties": {
        "@id": "node/12841106303",
        "addr:housenumber": "20",
        "addr:postcode": "600040",
        "addr:street": "2nd Avenue, Anna Nagar West",
        "amenity": "restaurant",
        "cuisine": "indian",
        "name": "Khalids biriyani",
        "opening_hours": "Mo-Su 11:00-23:00",
        "website": "https://khalidsbiriyani.com/"
      },
      "geometry": {
        "type": "Point",
        "coordinates": [
          80.1997052,
          13.0856268
        ]
      },
      "id": "node/12841106303"
    },
    {
      "type": "Feature",
      "properties": {
        "@id": "node/12841106601",
        "addr:postcode": "600040",
        "addr:street": "2nd Avenue, Anna Nagar West",
        "amenity": "cafe",
        "cuisine": "indian",
        "name": "Chai Kings - Thirumangalam Metro",
        "opening_hours": "24/7",
        "phone": "08939387667",
        "website": "http://chaikings.dotpe.in"
      },
      "geometry": {
        "type": "Point",
        "coordinates": [
          80.2013868,
          13.085677
        ]
      },
      "id": "node/12841106601"
    },
    {
      "type": "Feature",
      "properties": {
        "@id": "node/12841420601",
        "amenity": "restaurant",
        "name": "Annai Bhavan"
      },
      "geometry": {
        "type": "Point",
        "coordinates": [
          80.194556,
          12.9157172
        ]
      },
      "id": "node/12841420601"
    },
    {
      "type": "Feature",
      "properties": {
        "@id": "node/12864010782",
        "addr:housenumber": "94/189",
        "addr:street": "St Marys Road SBI Colony, RA Puram Chennai, 600028 Tamil Nadu India",
        "amenity": "cafe",
        "name": "Beachville",
        "opening_hours": "Mo-Su 08:00-20:00",
        "phone": "+91 98416 18185",
        "website": "https://beachvillecoffee.com/"
      },
      "geometry": {
        "type": "Point",
        "coordinates": [
          80.2553915,
          13.0290981
        ]
      },
      "id": "node/12864010782"
    },
    {
      "type": "Feature",
      "properties": {
        "@id": "node/12960549206",
        "amenity": "cafe",
        "cuisine": "indian;dessert",
        "name": "Ganga Sweets",
        "opening_hours": "Mo-Su 08:00-21:00"
      },
      "geometry": {
        "type": "Point",
        "coordinates": [
          80.1703671,
          13.0281774
        ]
      },
      "id": "node/12960549206"
    },
    {
      "type": "Feature",
      "properties": {
        "@id": "node/12960549208",
        "amenity": "cafe",
        "cuisine": "tea;coffee_shop;indian",
        "name": "Valasu Cafe",
        "opening_hours": "24/7"
      },
      "geometry": {
        "type": "Point",
        "coordinates": [
          80.1702124,
          13.0288485
        ]
      },
      "id": "node/12960549208"
    },
    {
      "type": "Feature",
      "properties": {
        "@id": "node/13092337128",
        "amenity": "cafe",
        "brand": "The Coffee Bean & Tea Leaf",
        "brand:wikidata": "Q1141384",
        "check_date": "2025-08-23",
        "cuisine": "coffee_shop",
        "name": "The Coffee Bean & Tea Leaf",
        "takeaway": "yes"
      },
      "geometry": {
        "type": "Point",
        "coordinates": [
          80.1671341,
          12.9842014
        ]
      },
      "id": "node/13092337128"
    },
    {
      "type": "Feature",
      "properties": {
        "@id": "node/13092372714",
        "amenity": "cafe",
        "brand": "Cafe Coffee Day",
        "brand:wikidata": "Q5017235",
        "check_date": "2025-08-23",
        "cuisine": "coffee_shop",
        "name": "Cafe Coffee Day",
        "takeaway": "yes"
      },
      "geometry": {
        "type": "Point",
        "coordinates": [
          80.1676994,
          12.9845557
        ]
      },
      "id": "node/13092372714"
    },
    {
      "type": "Feature",
      "properties": {
        "@id": "node/13092372715",
        "amenity": "cafe",
        "check_date": "2025-08-23",
        "name": "Coffee and More"
      },
      "geometry": {
        "type": "Point",
        "coordinates": [
          80.1677012,
          12.9844369
        ]
      },
      "id": "node/13092372715"
    },
    {
      "type": "Feature",
      "properties": {
        "@id": "node/13103792110",
        "amenity": "restaurant",
        "name": "Erodu Amman Mess",
        "name:ta": "ஈரோடு அம்மன் மெஸ்"
      },
      "geometry": {
        "type": "Point",
        "coordinates": [
          80.2556448,
          12.9966483
        ]
      },
      "id": "node/13103792110"
    },
    {
      "type": "Feature",
      "properties": {
        "@id": "node/13167454322",
        "amenity": "restaurant"
      },
      "geometry": {
        "type": "Point",
        "coordinates": [
          80.2062996,
          13.0908281
        ]
      },
      "id": "node/13167454322"
    },
    {
      "type": "Feature",
      "properties": {
        "@id": "node/13184761401",
        "amenity": "cafe",
        "name": "Sriram Juice Cafe"
      },
      "geometry": {
        "type": "Point",
        "coordinates": [
          80.1921564,
          12.9161228
        ]
      },
      "id": "node/13184761401"
    },
    {
      "type": "Feature",
      "properties": {
        "@id": "node/13253593001",
        "addr:housenumber": "80",
        "addr:street": "2nd Main Road",
        "amenity": "restaurant",
        "name": "தின்னை மெஸ்",
        "name:en": "Tinna mess"
      },
      "geometry": {
        "type": "Point",
        "coordinates": [
          80.254007,
          13.027376
        ]
      },
      "id": "node/13253593001"
    },
    {
      "type": "Feature",
      "properties": {
        "@id": "node/13253593301",
        "amenity": "restaurant",
        "contact:facebook": "Parambriym",
        "contact:instagram": "Parambriym",
        "name": "Parambriyam"
      },
      "geometry": {
        "type": "Point",
        "coordinates": [
          80.2178044,
          13.088221
        ]
      },
      "id": "node/13253593301"
    },
    {
      "type": "Feature",
      "properties": {
        "@id": "node/13265521716",
        "addr:city": "Chennai",
        "addr:district": "Chennai",
        "addr:housenumber": "7",
        "addr:postcode": "600017",
        "addr:street": "Masilamani Street",
        "amenity": "restaurant",
        "name": "Pudukkottai Ayya Chettinadu Mess",
        "name:en": "Pudukkottai Ayya Chettinadu Mess",
        "name:ta": "புதுக்கோட்டை அய்யா செட்டிநாடு மெஸ்",
        "opening_hours": "Mo-Su 11:30-15:30,18:30-23:00"
      },
      "geometry": {
        "type": "Point",
        "coordinates": [
          80.2389414,
          13.0391705
        ]
      },
      "id": "node/13265521716"
    },
    {
      "type": "Feature",
      "properties": {
        "@id": "node/13275204201",
        "amenity": "restaurant",
        "name": "Virudhunagar Biriyani"
      },
      "geometry": {
        "type": "Point",
        "coordinates": [
          80.1920194,
          12.9127093
        ]
      },
      "id": "node/13275204201"
    },
    {
      "type": "Feature",
      "properties": {
        "@id": "node/13275204202",
        "amenity": "cafe",
        "name": "Juice point"
      },
      "geometry": {
        "type": "Point",
        "coordinates": [
          80.1920442,
          12.9128936
        ]
      },
      "id": "node/13275204202"
    },
    {
      "type": "Feature",
      "properties": {
        "@id": "node/13285109373",
        "addr:housenumber": "47",
        "addr:street": "Ranganathan Nagar , Agaram Main Road., Selaiyur, Chennai, Tamil Nadu 600073",
        "amenity": "restaurant",
        "description": "Multi Cuisine Restaurant",
        "name": "Spicy Kitchen",
        "opening_hours": "Mo-Su 11:00-23:00",
        "phone": "95000455327"
      },
      "geometry": {
        "type": "Point",
        "coordinates": [
          80.1429452,
          12.9076836
        ]
      },
      "id": "node/13285109373"
    },
    {
      "type": "Feature",
      "properties": {
        "@id": "node/13285126439",
        "addr:housenumber": "47",
        "addr:street": "Ragunathan Nagar, Agaram Main road, Selaiyur, Tamil Nadu - 600073",
        "amenity": "restaurant",
        "description": "A Multi Cuisine Restaurant",
        "name": "Spicy Kitchen",
        "opening_hours": "Mo-Su 11:00-23:00",
        "phone": "95000455327"
      },
      "geometry": {
        "type": "Point",
        "coordinates": [
          80.1429483,
          12.9076363
        ]
      },
      "id": "node/13285126439"
    },
    {
      "type": "Feature",
      "properties": {
        "@id": "node/13311063201",
        "amenity": "restaurant",
        "name": "ஹாட் சிபஎஸ்",
        "name:en": "Hot Chips"
      },
      "geometry": {
        "type": "Point",
        "coordinates": [
          80.2348192,
          13.0413033
        ]
      },
      "id": "node/13311063201"
    },
    {
      "type": "Feature",
      "properties": {
        "@id": "node/13344518701",
        "amenity": "restaurant",
        "name": "Ciclo cafe"
      },
      "geometry": {
        "type": "Point",
        "coordinates": [
          80.2422224,
          13.0224413
        ]
      },
      "id": "node/13344518701"
    },
    {
      "type": "Feature",
      "properties": {
        "@id": "node/13423161902",
        "amenity": "restaurant",
        "name": "Hotel Ratna"
      },
      "geometry": {
        "type": "Point",
        "coordinates": [
          80.2573202,
          13.0062788
        ]
      },
      "id": "node/13423161902"
    },
    {
      "type": "Feature",
      "properties": {
        "@id": "node/13423162301",
        "amenity": "restaurant",
        "brand": "Pizza Hut",
        "brand:wikidata": "Q191615",
        "cuisine": "pizza",
        "name": "Pizza Hut"
      },
      "geometry": {
        "type": "Point",
        "coordinates": [
          80.2574141,
          13.0065149
        ]
      },
      "id": "node/13423162301"
    },
    {
      "type": "Feature",
      "properties": {
        "@id": "node/13434024643",
        "amenity": "restaurant",
        "diet:vegetarian": "yes",
        "name": "A2B"
      },
      "geometry": {
        "type": "Point",
        "coordinates": [
          80.1603973,
          13.2313189
        ]
      },
      "id": "node/13434024643"
    },
    {
      "type": "Feature",
      "properties": {
        "@id": "node/13434024644",
        "amenity": "restaurant",
        "diet:non-vegetarian": "yes",
        "name": "Ambur star biriyani"
      },
      "geometry": {
        "type": "Point",
        "coordinates": [
          80.1604107,
          13.2312641
        ]
      },
      "id": "node/13434024644"
    },
    {
      "type": "Feature",
      "properties": {
        "@id": "node/13446216912",
        "amenity": "cafe",
        "name": "Vinyl & Brew"
      },
      "geometry": {
        "type": "Point",
        "coordinates": [
          80.2525936,
          13.0323838
        ]
      },
      "id": "node/13446216912"
    },
    {
      "type": "Feature",
      "properties": {
        "@id": "node/13463452901",
        "amenity": "restaurant",
        "name": "Nasi and Mee"
      },
      "geometry": {
        "type": "Point",
        "coordinates": [
          80.2498334,
          13.0608518
        ]
      },
      "id": "node/13463452901"
    },
    {
      "type": "Feature",
      "properties": {
        "@id": "node/13463452903",
        "amenity": "restaurant",
        "name": "ஆனந்த விலாஸ்"
      },
      "geometry": {
        "type": "Point",
        "coordinates": [
          80.2121848,
          13.0411346
        ]
      },
      "id": "node/13463452903"
    },
    {
      "type": "Feature",
      "properties": {
        "@id": "node/13463453201",
        "amenity": "restaurant",
        "name": "Gowri Krishna"
      },
      "geometry": {
        "type": "Point",
        "coordinates": [
          80.2178099,
          13.0882779
        ]
      },
      "id": "node/13463453201"
    },
    {
      "type": "Feature",
      "properties": {
        "@id": "node/13472858201",
        "addr:postcode": "603203",
        "addr:street": "kakkan street",
        "amenity": "restaurant",
        "name": "Malabar Kitchen"
      },
      "geometry": {
        "type": "Point",
        "coordinates": [
          80.0394131,
          12.8182036
        ]
      },
      "id": "node/13472858201"
    },
    {
      "type": "Feature",
      "properties": {
        "@id": "node/13475629456",
        "air_conditioning": "yes",
        "amenity": "cafe",
        "capacity": "40",
        "internet_access": "wlan",
        "internet_access:fee": "yes",
        "name": "Koodam Spaces",
        "phone": "9500545254",
        "website": "https://www.kathakalikoodam.com/general-7"
      },
      "geometry": {
        "type": "Point",
        "coordinates": [
          80.2352532,
          12.942817
        ]
      },
      "id": "node/13475629456"
    },
    {
      "type": "Feature",
      "properties": {
        "@id": "node/13507028501",
        "amenity": "restaurant",
        "name": "Popeyes famouslouisian chicken"
      },
      "geometry": {
        "type": "Point",
        "coordinates": [
          80.2532251,
          12.942895
        ]
      },
      "id": "node/13507028501"
    },
    {
      "type": "Feature",
      "properties": {
        "@id": "node/13507032901",
        "amenity": "restaurant",
        "name": "Burger king"
      },
      "geometry": {
        "type": "Point",
        "coordinates": [
          80.2532364,
          12.9430741
        ]
      },
      "id": "node/13507032901"
    },
    {
      "type": "Feature",
      "properties": {
        "@id": "node/13516400701",
        "amenity": "restaurant",
        "level": "0",
        "name": "Date palm"
      },
      "geometry": {
        "type": "Point",
        "coordinates": [
          80.187763,
          12.9187133
        ]
      },
      "id": "node/13516400701"
    },
    {
      "type": "Feature",
      "properties": {
        "@id": "node/13576016472",
        "amenity": "restaurant",
        "diet:vegetarian": "yes",
        "name": "New sri balaji bhavan"
      },
      "geometry": {
        "type": "Point",
        "coordinates": [
          80.1980802,
          13.1185604
        ]
      },
      "id": "node/13576016472"
    },
    {
      "type": "Feature",
      "properties": {
        "@id": "node/13576016473",
        "amenity": "restaurant",
        "diet:vegetarian": "yes",
        "name": "Sri balaji bhavan"
      },
      "geometry": {
        "type": "Point",
        "coordinates": [
          80.1980587,
          13.1185186
        ]
      },
      "id": "node/13576016473"
    },
    {
      "type": "Feature",
      "properties": {
        "@id": "node/13589436001",
        "amenity": "cafe",
        "name": "USHA CAFE"
      },
      "geometry": {
        "type": "Point",
        "coordinates": [
          80.2340094,
          12.9899719
        ]
      },
      "id": "node/13589436001"
    },
    {
      "type": "Feature",
      "properties": {
        "@id": "node/13606983901",
        "amenity": "cafe",
        "name": "Hotel Swarna Cafe"
      },
      "geometry": {
        "type": "Point",
        "coordinates": [
          80.2431547,
          12.8663231
        ]
      },
      "id": "node/13606983901"
    },
    {
      "type": "Feature",
      "properties": {
        "@id": "node/13638977912",
        "amenity": "restaurant",
        "brand": "Barbeque Nation",
        "brand:wikidata": "Q4859568",
        "check_date": "2026-03-11",
        "cuisine": "barbecue",
        "name": "Barbeque Nation",
        "payment:cash": "yes",
        "payment:credit_cards": "yes",
        "payment:debit_cards": "yes"
      },
      "geometry": {
        "type": "Point",
        "coordinates": [
          80.2198979,
          12.9720369
        ]
      },
      "id": "node/13638977912"
    },
    {
      "type": "Feature",
      "properties": {
        "@id": "node/13657487396",
        "amenity": "restaurant",
        "name": "Hotel Purushotam"
      },
      "geometry": {
        "type": "Point",
        "coordinates": [
          80.2275978,
          13.0128241
        ]
      },
      "id": "node/13657487396"
    },
    {
      "type": "Feature",
      "properties": {
        "@id": "node/13660485301",
        "amenity": "restaurant",
        "name": "Shri Ramanas"
      },
      "geometry": {
        "type": "Point",
        "coordinates": [
          80.1497403,
          12.9224267
        ]
      },
      "id": "node/13660485301"
    },
    {
      "type": "Feature",
      "properties": {
        "@id": "node/13660489301",
        "amenity": "cafe",
        "name": "Pavishka Cafe"
      },
      "geometry": {
        "type": "Point",
        "coordinates": [
          80.1448246,
          12.922687
        ]
      },
      "id": "node/13660489301"
    },
    {
      "type": "Feature",
      "properties": {
        "@id": "node/13683621558",
        "amenity": "cafe",
        "indoor_seating": "yes",
        "name": "Nibble Nest"
      },
      "geometry": {
        "type": "Point",
        "coordinates": [
          80.229791,
          13.0130045
        ]
      },
      "id": "node/13683621558"
    },
    {
      "type": "Feature",
      "properties": {
        "@id": "node/13705056994",
        "amenity": "restaurant",
        "name": "Harithakam",
        "phone": "9380278729"
      },
      "geometry": {
        "type": "Point",
        "coordinates": [
          80.1275304,
          12.9226798
        ]
      },
      "id": "node/13705056994"
    },
    {
      "type": "Feature",
      "properties": {
        "@id": "node/13705161302",
        "amenity": "restaurant",
        "check_date": "2026-04-04",
        "cuisine": "indian;international;italian",
        "name": "Lyfe by Soul Garden Bistro"
      },
      "geometry": {
        "type": "Point",
        "coordinates": [
          80.2546412,
          13.0340295
        ]
      },
      "id": "node/13705161302"
    },
    {
      "type": "Feature",
      "properties": {
        "@id": "node/13728746131",
        "air_conditioning": "yes",
        "amenity": "restaurant",
        "bar": "no",
        "changing_table": "no",
        "check_date": "2026-04-14",
        "delivery": "no",
        "description": "A buffet restaurant inside vestin park hotel",
        "internet_access": "wlan",
        "internet_access:fee": "customers",
        "level": "0",
        "microbrewery": "no",
        "name": "Splendour - Vestin Park",
        "opening_hours": "Mo-Su 07:30-22:00",
        "outdoor_seating": "no",
        "payment:account_cards": "yes",
        "payment:app": "yes",
        "payment:cards": "yes",
        "payment:cash": "yes",
        "payment:contactless": "yes",
        "payment:credit_cards": "yes",
        "payment:debit_cards": "yes",
        "payment:google_pay": "yes",
        "payment:mastercard": "yes",
        "payment:visa": "yes",
        "payment:visa_debit": "yes",
        "stars": "3",
        "toilets": "yes",
        "wheelchair": "yes"
      },
      "geometry": {
        "type": "Point",
        "coordinates": [
          80.2590521,
          13.0676932
        ]
      },
      "id": "node/13728746131"
    },
    {
      "type": "Feature",
      "properties": {
        "@id": "node/13730065763",
        "air_conditioning": "yes",
        "amenity": "restaurant",
        "bar": "no",
        "check_date": "2026-04-14",
        "cuisine": "chinese",
        "delivery": "yes",
        "internet_access": "yes",
        "level": "1",
        "name": "China Town Restaurant",
        "outdoor_seating": "no",
        "takeaway": "yes"
      },
      "geometry": {
        "type": "Point",
        "coordinates": [
          80.2583294,
          13.0645981
        ]
      },
      "id": "node/13730065763"
    },
    {
      "type": "Feature",
      "properties": {
        "@id": "node/13730065764",
        "air_conditioning": "yes",
        "amenity": "cafe",
        "bar": "no",
        "changing_table": "no",
        "check_date": "2026-04-14",
        "delivery": "yes",
        "highchair": "no",
        "internet_access": "wlan",
        "level": "0",
        "name": "Writers Cafe",
        "outdoor_seating": "no",
        "takeaway": "yes",
        "wheelchair": "limited"
      },
      "geometry": {
        "type": "Point",
        "coordinates": [
          80.258384,
          13.0646172
        ]
      },
      "id": "node/13730065764"
    },
    {
      "type": "Feature",
      "properties": {
        "@id": "node/13735001633",
        "amenity": "restaurant",
        "level": "1",
        "name": "Mani's Dum Biryani",
        "name:ta": "மணிஸ் தம் பிரியாணி",
        "phone": "+919663560518",
        "website": "https://www.manis.in/"
      },
      "geometry": {
        "type": "Point",
        "coordinates": [
          80.2183901,
          12.9890604
        ]
      },
      "id": "node/13735001633"
    },
    {
      "type": "Feature",
      "properties": {
        "@id": "node/13735001649",
        "amenity": "restaurant",
        "name": "Masaledaar Firangi Tadka",
        "name:ta": "மசாலேதார் ஃபிரங்கி தட்கா"
      },
      "geometry": {
        "type": "Point",
        "coordinates": [
          80.2185002,
          12.9894558
        ]
      },
      "id": "node/13735001649"
    },
    {
      "type": "Feature",
      "properties": {
        "@id": "node/13738124429",
        "amenity": "cafe",
        "food": "snacks",
        "indoor_seating": "yes",
        "name": "Brothers Cafe"
      },
      "geometry": {
        "type": "Point",
        "coordinates": [
          80.2580968,
          13.0973188
        ]
      },
      "id": "node/13738124429"
    },
    {
      "type": "Feature",
      "properties": {
        "@id": "node/13738159020",
        "amenity": "cafe",
        "food": "snacks",
        "indoor_seating": "no",
        "level": "0",
        "name": "Ganesh Chat & Chai Bandar",
        "toilets": "no"
      },
      "geometry": {
        "type": "Point",
        "coordinates": [
          80.2152575,
          13.0824498
        ]
      },
      "id": "node/13738159020"
    },
    {
      "type": "Feature",
      "properties": {
        "@id": "node/13740383001",
        "amenity": "cafe",
        "check_date": "2026-04-18",
        "name": "Chaii N Cafe"
      },
      "geometry": {
        "type": "Point",
        "coordinates": [
          80.1924924,
          12.9981916
        ]
      },
      "id": "node/13740383001"
    },
    {
      "type": "Feature",
      "properties": {
        "@id": "node/13742137567",
        "amenity": "restaurant",
        "diet:vegetarian": "limited",
        "level": "1",
        "name": "Nandhana Palace",
        "panoramax": "1ae30de0-a51a-48e7-a7b5-09ab3752eb21",
        "toilets:level": "1"
      },
      "geometry": {
        "type": "Point",
        "coordinates": [
          80.272575,
          13.0702663
        ]
      },
      "id": "node/13742137567"
    },
    {
      "type": "Feature",
      "properties": {
        "@id": "node/13742612724",
        "amenity": "cafe",
        "name": "Aavin parlour"
      },
      "geometry": {
        "type": "Point",
        "coordinates": [
          80.2395851,
          13.040618
        ]
      },
      "id": "node/13742612724"
    },
    {
      "type": "Feature",
      "properties": {
        "@id": "node/13742637360",
        "amenity": "restaurant",
        "name": "New Andhra Meals Hotel"
      },
      "geometry": {
        "type": "Point",
        "coordinates": [
          80.2394335,
          13.0406713
        ]
      },
      "id": "node/13742637360"
    },
    {
      "type": "Feature",
      "properties": {
        "@id": "node/13742755401",
        "amenity": "cafe",
        "check_date": "2026-04-19",
        "name": "Coffee box"
      },
      "geometry": {
        "type": "Point",
        "coordinates": [
          80.1662816,
          12.9838179
        ]
      },
      "id": "node/13742755401"
    },
    {
      "type": "Feature",
      "properties": {
        "@id": "node/13742755403",
        "amenity": "cafe",
        "check_date": "2026-04-19",
        "name": "Cafeccino"
      },
      "geometry": {
        "type": "Point",
        "coordinates": [
          80.1669887,
          12.9841605
        ]
      },
      "id": "node/13742755403"
    },
    {
      "type": "Feature",
      "properties": {
        "@id": "node/13742755603",
        "amenity": "cafe",
        "check_date": "2026-04-19",
        "name": "Krispy kreme Doughnuts"
      },
      "geometry": {
        "type": "Point",
        "coordinates": [
          80.1664656,
          12.9838937
        ]
      },
      "id": "node/13742755603"
    },
    {
      "type": "Feature",
      "properties": {
        "@id": "node/13742755604",
        "amenity": "cafe",
        "check_date": "2026-04-19",
        "name": "Maggi"
      },
      "geometry": {
        "type": "Point",
        "coordinates": [
          80.1670095,
          12.9841747
        ]
      },
      "id": "node/13742755604"
    },
    {
      "type": "Feature",
      "properties": {
        "@id": "node/13742755902",
        "amenity": "cafe",
        "check_date": "2026-04-19",
        "name": "London Waffle Co."
      },
      "geometry": {
        "type": "Point",
        "coordinates": [
          80.1657214,
          12.9835917
        ]
      },
      "id": "node/13742755902"
    },
    {
      "type": "Feature",
      "properties": {
        "@id": "node/13743048380",
        "addr:city": "Chennai",
        "addr:postcode": "600017",
        "addr:street": "Thiyagaraya Road",
        "air_conditioning": "yes",
        "amenity": "restaurant",
        "brand": "Adyar Ananda Bhavan",
        "brand:wikidata": "Q15178238",
        "brand:wikipedia": "en:Adyar Ananda Bhavan",
        "cuisine": "regional",
        "diet:lacto_vegetarian": "yes",
        "email": "info@aabsweets.com",
        "image:menu": "aac1698f-232a-4e2a-8224-fe83b015779c",
        "image:menu:0": "e8b3a6b6-0791-4513-9d7d-2216de153065",
        "image:menu:1": "e5bb611a-dc1a-4688-84c5-95f775ceeecb",
        "image:menu:10": "97695027-c703-4e28-be42-41366dde920c",
        "image:menu:11": "b8765c5f-7da9-4a13-86df-6f222ea64e88",
        "image:menu:2": "cfc04b4b-6a0b-4890-b895-09882aee6bf8",
        "image:menu:3": "0c7d5d14-166e-41d4-947d-8514310031d2",
        "image:menu:4": "1278fc06-5f0b-4d84-b55f-60e2466a0a8c",
        "image:menu:5": "d660553b-dbb9-469b-b4fc-49be7612be78",
        "image:menu:6": "11055f54-a051-43b8-bc64-f143b337584e",
        "image:menu:7": "b99f4896-006c-420c-9aa0-59550cf102c3",
        "image:menu:8": "3507c007-adad-46d6-90e2-de0c592b37ea",
        "image:menu:9": "1fd00e20-0a91-4749-baba-f98756824389",
        "level": "1",
        "name": "Adyar Ananda Bhavan",
        "operator": "Adyar Ananda Bhavan",
        "phone": "+91 44 2345 3041",
        "short_name": "A2B",
        "smoking": "no",
        "website": "https://aabsweets.com"
      },
      "geometry": {
        "type": "Point",
        "coordinates": [
          80.2376226,
          13.0409378
        ]
      },
      "id": "node/13743048380"
    },
    {
      "type": "Feature",
      "properties": {
        "@id": "node/13743048384",
        "amenity": "cafe",
        "indoor_seating": "bar_table",
        "level": "0",
        "name": "Madras Coffee House",
        "outdoor_seating": "no",
        "wheelchair": "no"
      },
      "geometry": {
        "type": "Point",
        "coordinates": [
          80.2431716,
          13.0398966
        ]
      },
      "id": "node/13743048384"
    },
    {
      "type": "Feature",
      "properties": {
        "@id": "node/13743101396",
        "air_conditioning": "yes",
        "amenity": "cafe",
        "indoor_seating": "yes",
        "name": "Chai Leela"
      },
      "geometry": {
        "type": "Point",
        "coordinates": [
          80.2354599,
          13.0637457
        ]
      },
      "id": "node/13743101396"
    },
    {
      "type": "Feature",
      "properties": {
        "@id": "node/13743101397",
        "air_conditioning": "yes",
        "amenity": "cafe",
        "indoor_seating": "yes",
        "name": "Signature Cafe"
      },
      "geometry": {
        "type": "Point",
        "coordinates": [
          80.2313717,
          13.0662311
        ]
      },
      "id": "node/13743101397"
    },
    {
      "type": "Feature",
      "properties": {
        "@id": "node/13743101398",
        "air_conditioning": "yes",
        "amenity": "cafe",
        "indoor_seating": "yes",
        "name": "Southwest Coffee Roasters"
      },
      "geometry": {
        "type": "Point",
        "coordinates": [
          80.2346359,
          13.0570549
        ]
      },
      "id": "node/13743101398"
    },
    {
      "type": "Feature",
      "properties": {
        "@id": "node/13749123901",
        "amenity": "restaurant",
        "check_date": "2026-04-21",
        "name:en": "Nithya Amirtham (Porur)",
        "wheelchair": "yes"
      },
      "geometry": {
        "type": "Point",
        "coordinates": [
          80.137606,
          13.0372434
        ]
      },
      "id": "node/13749123901"
    },
    {
      "type": "Feature",
      "properties": {
        "@id": "node/13760433043",
        "amenity": "cafe",
        "name": "சபா காபி & டீ நேரம்",
        "name:en": "Safa Coffee and Tea Time",
        "name:ta": "சபா காபி & டீ நேரம்",
        "opening_hours": "Mo-Su 00:00-23:00"
      },
      "geometry": {
        "type": "Point",
        "coordinates": [
          80.2301862,
          13.0352011
        ]
      },
      "id": "node/13760433043"
    },
    {
      "type": "Feature",
      "properties": {
        "@id": "node/13760682156",
        "amenity": "restaurant",
        "name": "புகாரி",
        "name:en": "Buhari",
        "name:ta": "புகாரி"
      },
      "geometry": {
        "type": "Point",
        "coordinates": [
          80.2331116,
          13.0269231
        ]
      },
      "id": "node/13760682156"
    },
    {
      "type": "Feature",
      "properties": {
        "@id": "node/13760704835",
        "amenity": "restaurant",
        "name": "சங்கீதா சைவ உணவகம்",
        "name:en": "Sangeetha Vegetarian Restaurant",
        "name:ta": "சங்கீதா சைவ உணவகம்"
      },
      "geometry": {
        "type": "Point",
        "coordinates": [
          80.2104758,
          13.0083254
        ]
      },
      "id": "node/13760704835"
    },
    {
      "type": "Feature",
      "properties": {
        "@id": "node/13761150809",
        "amenity": "restaurant",
        "cuisine": "indian",
        "image:menu": "e49277ba-b4ec-4b2c-9d78-4107865158f7",
        "image:menu:0": "600d9c2a-0f99-4335-a4c2-97bf42e63bbf",
        "image:menu:1": "d21b68f2-85fb-48c5-9ef6-fc280356448a",
        "indoor_seating": "yes",
        "kids_area": "no",
        "name": "Masaledaar Desi Rasoi",
        "opening_hours": "11:30-15:30, 18:30-23:00",
        "outdoor_seating": "no",
        "payment:cards": "yes",
        "payment:cash": "yes",
        "payment:qr_code": "yes",
        "phone": "+91 99402 87901",
        "reservation": "recommended",
        "takeaway": "yes",
        "wheelchair": "no"
      },
      "geometry": {
        "type": "Point",
        "coordinates": [
          80.1910642,
          12.9855881
        ]
      },
      "id": "node/13761150809"
    },
    {
      "type": "Feature",
      "properties": {
        "@id": "node/13765623804",
        "amenity": "restaurant",
        "name": "Sri TTM Restaurant"
      },
      "geometry": {
        "type": "Point",
        "coordinates": [
          80.1920489,
          12.912738
        ]
      },
      "id": "node/13765623804"
    },
    {
      "type": "Feature",
      "properties": {
        "@id": "node/13787297965",
        "amenity": "restaurant",
        "cuisine": "indian",
        "delivery": "yes",
        "indoor_seating": "yes",
        "kids_area": "no",
        "name": "Copper Kitchen",
        "outdoor_seating": "no",
        "panoramax": "23b904fe-1000-47e0-9c7b-5b6217a04aaa",
        "payment:cards": "yes",
        "payment:cash": "yes",
        "payment:qr_code": "yes",
        "reservation": "recommended",
        "takeaway": "yes",
        "website": "https://copperkitchen.in/",
        "wheelchair": "limited"
      },
      "geometry": {
        "type": "Point",
        "coordinates": [
          80.1617387,
          12.9224987
        ]
      },
      "id": "node/13787297965"
    },
    {
      "type": "Feature",
      "properties": {
        "@id": "node/13822905477",
        "amenity": "restaurant",
        "cuisine": "indian",
        "highchair": "no",
        "indoor_seating": "yes",
        "kids_area": "no",
        "name": "Hotel New Sri Balaji Bhavan",
        "outdoor_seating": "no",
        "panoramax": "cbd72adb-9592-481e-9e7c-6a227b470899",
        "payment:cards": "no",
        "payment:cash": "yes",
        "payment:qr_code": "yes",
        "reservation": "no",
        "takeaway": "yes"
      },
      "geometry": {
        "type": "Point",
        "coordinates": [
          80.1400139,
          12.9345964
        ]
      },
      "id": "node/13822905477"
    },
    {
      "type": "Feature",
      "properties": {
        "@id": "node/13831281001",
        "amenity": "restaurant",
        "name": "மதுரை பாண்டியன் ஓட்டல்"
      },
      "geometry": {
        "type": "Point",
        "coordinates": [
          80.1498115,
          13.0454712
        ]
      },
      "id": "node/13831281001"
    },
    {
      "type": "Feature",
      "properties": {
        "@id": "node/13831281002",
        "amenity": "restaurant",
        "name": "Orient cafe"
      },
      "geometry": {
        "type": "Point",
        "coordinates": [
          80.14993,
          13.0449884
        ]
      },
      "id": "node/13831281002"
    },
    {
      "type": "Feature",
      "properties": {
        "@id": "node/13834525942",
        "amenity": "restaurant"
      },
      "geometry": {
        "type": "Point",
        "coordinates": [
          80.2676492,
          12.9952979
        ]
      },
      "id": "node/13834525942"
    },
    {
      "type": "Feature",
      "properties": {
        "@id": "node/13839242676",
        "amenity": "restaurant",
        "check_date": "2026-05-17",
        "cuisine": "indian",
        "indoor_seating": "yes",
        "internet_access": "no",
        "name": "Nithya Amirtham",
        "opening_hours": "Mo-Su,PH 06:00-23:00",
        "outdoor_seating": "no",
        "panoramax": "7b0d5c23-bc7d-472e-bb6b-62663109ca52",
        "payment:cash": "yes",
        "payment:credit_cards": "yes",
        "payment:debit_cards": "yes",
        "payment:qr_code": "yes",
        "wheelchair": "no"
      },
      "geometry": {
        "type": "Point",
        "coordinates": [
          80.2698914,
          13.0343377
        ]
      },
      "id": "node/13839242676"
    },
    {
      "type": "Feature",
      "properties": {
        "@id": "node/13839357230",
        "amenity": "cafe",
        "name": "ராசாஸ் டீ கடை",
        "name:en": "Rasas Tea Shop",
        "name:ta": "ராசாஸ் டீ கடை"
      },
      "geometry": {
        "type": "Point",
        "coordinates": [
          80.2693113,
          13.0344289
        ]
      },
      "id": "node/13839357230"
    },
    {
      "type": "Feature",
      "properties": {
        "@id": "node/13839371426",
        "amenity": "restaurant",
        "cuisine": "indian",
        "indoor_seating": "yes",
        "name": "A2B",
        "outdoor_seating": "no",
        "payment:cards": "yes",
        "payment:cash": "yes",
        "payment:qr_code": "yes"
      },
      "geometry": {
        "type": "Point",
        "coordinates": [
          80.2679096,
          13.0344686
        ]
      },
      "id": "node/13839371426"
    },
    {
      "type": "Feature",
      "properties": {
        "@id": "node/13839589652",
        "amenity": "restaurant",
        "cuisine": "indian",
        "delivery": "no",
        "highchair": "no",
        "image:menu": "0b039a56-099e-40d4-9132-0e11b4944176",
        "image:menu:0": "f66f7f57-0144-4638-9b26-503b347106b5",
        "indoor_seating": "no",
        "kids_area": "no",
        "name": "நிலாச்சோறு",
        "opening_hours": "07:00-22:30",
        "outdoor_seating": "no",
        "panoramax": "9fadb971-7788-4c8d-b906-e9d5069edae4",
        "payment:cards": "no",
        "payment:cash": "yes",
        "payment:qr_code": "yes",
        "reservation": "no",
        "takeaway": "yes",
        "wheelchair": "yes"
      },
      "geometry": {
        "type": "Point",
        "coordinates": [
          80.26776,
          13.032814
        ]
      },
      "id": "node/13839589652"
    },
    {
      "type": "Feature",
      "properties": {
        "@id": "node/13839589760",
        "amenity": "restaurant",
        "name": "Manoj Bhavan Veg Restaurant"
      },
      "geometry": {
        "type": "Point",
        "coordinates": [
          80.2673667,
          13.0325857
        ]
      },
      "id": "node/13839589760"
    },
    {
      "type": "Feature",
      "properties": {
        "@id": "node/13839750698",
        "amenity": "restaurant",
        "cuisine": "indian",
        "indoor_seating": "yes",
        "name": "Bharathi Mess & Juice shop",
        "outdoor_seating": "no",
        "panoramax": "5d885998-ee9f-49ca-bfc3-6a1ec78d727b",
        "payment:cards": "no",
        "payment:cash": "yes",
        "payment:qr_code": "yes"
      },
      "geometry": {
        "type": "Point",
        "coordinates": [
          80.2701597,
          13.0328781
        ]
      },
      "id": "node/13839750698"
    },
    {
      "type": "Feature",
      "properties": {
        "@id": "node/13839977938",
        "amenity": "restaurant",
        "cuisine": "indian",
        "indoor_seating": "yes",
        "kids_area": "no",
        "name": "Nithya Amirtham (Thuritham)",
        "outdoor_seating": "no",
        "payment:cards": "yes",
        "payment:cash": "yes",
        "payment:qr_code": "yes",
        "reservation": "no",
        "takeaway": "yes"
      },
      "geometry": {
        "type": "Point",
        "coordinates": [
          80.2702155,
          13.0342407
        ]
      },
      "id": "node/13839977938"
    },
    {
      "type": "Feature",
      "properties": {
        "@id": "node/13866304928",
        "amenity": "cafe",
        "highchair": "no",
        "indoor_seating": "yes",
        "kids_area": "no",
        "name": "Tea Talkies",
        "outdoor_seating": "no",
        "panoramax": "e35aeb32-c0e8-4de6-844f-25fbd8630a13",
        "panoramax:0": "158530e0-ccab-418b-8701-fb6bfc791d8c",
        "payment:cards": "yes",
        "payment:cash": "yes",
        "payment:qr_code": "yes",
        "reservation": "no",
        "service:electricity": "ask",
        "wheelchair": "yes"
      },
      "geometry": {
        "type": "Point",
        "coordinates": [
          80.127723,
          12.9234161
        ]
      },
      "id": "node/13866304928"
    },
    {
      "type": "Feature",
      "properties": {
        "@id": "node/13891576483",
        "amenity": "restaurant",
        "cuisine": "South indian",
        "fixme": "Freeform tag `cuisine` used, to be doublechecked",
        "indoor_seating": "yes",
        "kids_area": "no",
        "name": "Sri Sai Foods",
        "outdoor_seating": "no",
        "payment:cards": "yes",
        "payment:cash": "yes",
        "payment:qr_code": "yes",
        "reservation": "no",
        "takeaway": "yes",
        "wheelchair": "limited"
      },
      "geometry": {
        "type": "Point",
        "coordinates": [
          80.1394143,
          12.9368076
        ]
      },
      "id": "node/13891576483"
    },
    {
      "type": "Feature",
      "properties": {
        "@id": "node/13891642532",
        "air_conditioning": "yes",
        "amenity": "restaurant",
        "cuisine": "indian",
        "diet:vegetarian": "yes",
        "name": "Sri Sai Foods",
        "takeaway": "yes"
      },
      "geometry": {
        "type": "Point",
        "coordinates": [
          80.139702,
          12.9368245
        ]
      },
      "id": "node/13891642532"
    },
    {
      "type": "Feature",
      "properties": {
        "@id": "node/13893321402",
        "addr:housenumber": "70/44",
        "addr:postcode": "600083",
        "addr:street": "4th Avenue",
        "amenity": "cafe",
        "cuisine": "coffee_shop",
        "email": "mailto:orders@thirdwavecoffee.in",
        "internet_access": "wlan",
        "level": "0",
        "name": "Third Wave Coffee",
        "opening_hours": "Mo-Su 08:00-23:00",
        "outdoor_seating": "yes",
        "phone": "8951820415",
        "website": "https://www.thirdwavecoffeeroasters.com/"
      },
      "geometry": {
        "type": "Point",
        "coordinates": [
          80.2154189,
          13.0406279
        ]
      },
      "id": "node/13893321402"
    },
    {
      "type": "Feature",
      "properties": {
        "@id": "node/13906558790",
        "amenity": "restaurant",
        "check_date": "2026-06-03",
        "name": "Venky's Corner"
      },
      "geometry": {
        "type": "Point",
        "coordinates": [
          80.1794701,
          13.0860715
        ]
      },
      "id": "node/13906558790"
    },
    {
      "type": "Feature",
      "properties": {
        "@id": "node/13926688101",
        "amenity": "restaurant",
        "name": "திருவசந்தம்"
      },
      "geometry": {
        "type": "Point",
        "coordinates": [
          80.0784982,
          12.8736575
        ]
      },
      "id": "node/13926688101"
    },
    {
      "type": "Feature",
      "properties": {
        "@id": "node/13928308301",
        "amenity": "restaurant",
        "name": "Flavors non veg restaurant"
      },
      "geometry": {
        "type": "Point",
        "coordinates": [
          80.0784453,
          12.8737059
        ]
      },
      "id": "node/13928308301"
    },
    {
      "type": "Feature",
      "properties": {
        "@id": "node/13935509159",
        "amenity": "restaurant",
        "cuisine": "kebab",
        "name": "Mount Road Bilal",
        "payment:cards": "yes",
        "payment:cash": "yes",
        "payment:qr_code": "yes"
      },
      "geometry": {
        "type": "Point",
        "coordinates": [
          80.2474598,
          12.8980963
        ]
      },
      "id": "node/13935509159"
    },
    {
      "type": "Feature",
      "properties": {
        "@id": "node/13935625727",
        "amenity": "restaurant",
        "cuisine": "indian",
        "indoor_seating": "yes",
        "level": "2",
        "name": "Mount Road Sangam",
        "outdoor_seating": "no",
        "payment:cards": "yes",
        "payment:cash": "yes",
        "payment:qr_code": "yes",
        "phone": "+91 98404 02120",
        "reservation": "recommended"
      },
      "geometry": {
        "type": "Point",
        "coordinates": [
          80.2474589,
          12.8982652
        ]
      },
      "id": "node/13935625727"
    },
    {
      "type": "Feature",
      "properties": {
        "@id": "node/13937483300",
        "amenity": "restaurant",
        "cuisine": "indian;south_indian",
        "diet:vegetarian": "yes",
        "image:menu": "b7c5052d-8347-4f8d-ad6f-2e320158d010",
        "image:menu:0": "23f3850f-235e-43c4-b92b-5bc058c95f11",
        "image:menu:1": "05ef8142-e39b-47e1-827f-3e514c285aae",
        "image:menu:10": "4d32a8b1-8fa3-483d-90ed-dd02cf701dbf",
        "image:menu:11": "61067b5e-eb0e-4b2d-8d24-e0a0a9f3a909",
        "image:menu:12": "b2fc0b22-6f07-4c11-ba0b-d637f390e231",
        "image:menu:13": "9b0e80e0-1b78-41ba-b0ba-733a27131716",
        "image:menu:14": "6beff776-42c4-41b1-bea4-8bd39bd6ba80",
        "image:menu:15": "4c9200cf-ca41-4a6e-b1cc-7887587356b6",
        "image:menu:16": "c2a3fb99-80cd-4cfd-9aba-ea4713e966d9",
        "image:menu:17": "f56185f2-043a-4744-a514-15257fd8d779",
        "image:menu:18": "8cec1a43-bceb-48d7-9e2c-e224e2d6183a",
        "image:menu:2": "e198a321-9f0f-449b-9c31-4a6d822d8296",
        "image:menu:3": "ac8a76fb-8868-4192-a377-510eafd8a84c",
        "image:menu:4": "977fb19a-03c0-4f25-aa53-d7c08b0f1a38",
        "image:menu:5": "7fd55ad6-0aa4-4124-b85a-dd039c6f6ce7",
        "image:menu:6": "147ea1c0-a96b-4ddf-99ae-3403eeed2501",
        "image:menu:7": "1c56ffd1-ddf6-4a56-8ee3-520e6c78893f",
        "image:menu:8": "09707885-32ae-414c-92b1-a7d39d51a208",
        "image:menu:9": "da5c8d55-e287-4fab-9850-d77c7d04f0ed",
        "name": "Geetham veg restaurant",
        "name:ta": "கீதம் சைவம்",
        "opening_hours": "6 AM - 2 AM",
        "panoramax": "464728c5-3d8f-4573-8456-7cbb3ee02a6c",
        "parking_space": "normal",
        "payment:cards": "yes",
        "payment:cash": "yes",
        "payment:qr_code": "yes",
        "takeaway": "yes",
        "toilets:handwashing": "yes"
      },
      "geometry": {
        "type": "Point",
        "coordinates": [
          80.2052092,
          13.0702667
        ]
      },
      "id": "node/13937483300"
    },
    {
      "type": "Feature",
      "properties": {
        "@id": "node/13938004670",
        "amenity": "restaurant",
        "check_date": "2026-06-14",
        "name": "Nizam Biriyani"
      },
      "geometry": {
        "type": "Point",
        "coordinates": [
          80.2934157,
          13.1065918
        ]
      },
      "id": "node/13938004670"
    },
    {
      "type": "Feature",
      "properties": {
        "@id": "node/13938584001",
        "amenity": "restaurant",
        "check_date": "2026-06-14",
        "cuisine": "chinese;indian",
        "name": "Alwar Dhaba"
      },
      "geometry": {
        "type": "Point",
        "coordinates": [
          80.0786935,
          13.0467905
        ]
      },
      "id": "node/13938584001"
    },
    {
      "type": "Feature",
      "properties": {
        "@id": "node/13955229801",
        "addr:street": "EVR Periyar Salai",
        "amenity": "restaurant",
        "check_date": "2026-06-21",
        "name": "Mubarak Briyani"
      },
      "geometry": {
        "type": "Point",
        "coordinates": [
          80.2263068,
          13.0737953
        ]
      },
      "id": "node/13955229801"
    },
    {
      "type": "Feature",
      "properties": {
        "@id": "node/13955626156",
        "amenity": "restaurant",
        "cuisine": "indian",
        "indoor_seating": "yes",
        "name": "Junior kuppanna",
        "outdoor_seating": "no",
        "payment:cards": "yes",
        "payment:cash": "yes",
        "payment:upi": "yes"
      },
      "geometry": {
        "type": "Point",
        "coordinates": [
          80.1332515,
          12.9228863
        ]
      },
      "id": "node/13955626156"
    },
    {
      "type": "Feature",
      "properties": {
        "@id": "node/13956836801",
        "amenity": "restaurant",
        "check_date": "2026-06-22",
        "name": "Rasoee Dhaba"
      },
      "geometry": {
        "type": "Point",
        "coordinates": [
          80.2259692,
          13.0795677
        ]
      },
      "id": "node/13956836801"
    },
    {
      "type": "Feature",
      "properties": {
        "@id": "node/13964179501",
        "amenity": "restaurant",
        "name": "Ya Rahman Biryani"
      },
      "geometry": {
        "type": "Point",
        "coordinates": [
          80.1922415,
          12.9170608
        ]
      },
      "id": "node/13964179501"
    },
    {
      "type": "Feature",
      "properties": {
        "@id": "node/13968685201",
        "amenity": "restaurant",
        "cuisine": "lebanese",
        "name": "Lokmat Bahia"
      },
      "geometry": {
        "type": "Point",
        "coordinates": [
          80.2053623,
          13.0701946
        ]
      },
      "id": "node/13968685201"
    },
    {
      "type": "Feature",
      "properties": {
        "@id": "node/13968685401",
        "amenity": "restaurant",
        "name": "கீதம் சைவம்"
      },
      "geometry": {
        "type": "Point",
        "coordinates": [
          80.2052565,
          13.0703104
        ]
      },
      "id": "node/13968685401"
    },
    {
      "type": "Feature",
      "properties": {
        "@id": "node/13968689301",
        "amenity": "restaurant",
        "name": "காரைக்குடி செட்டிநாடு மெஸ்"
      },
      "geometry": {
        "type": "Point",
        "coordinates": [
          80.2042857,
          13.0700913
        ]
      },
      "id": "node/13968689301"
    },
    {
      "type": "Feature",
      "properties": {
        "@id": "node/13968689501",
        "amenity": "restaurant",
        "name": "பாலாஐி கஃபே"
      },
      "geometry": {
        "type": "Point",
        "coordinates": [
          80.2042028,
          13.0701335
        ]
      },
      "id": "node/13968689501"
    },
    {
      "type": "Feature",
      "properties": {
        "@id": "node/13968699201",
        "amenity": "restaurant",
        "name": "Aasife biriyani"
      },
      "geometry": {
        "type": "Point",
        "coordinates": [
          80.2033537,
          13.0714691
        ]
      },
      "id": "node/13968699201"
    },
    {
      "type": "Feature",
      "properties": {
        "@id": "node/13969513463",
        "amenity": "restaurant",
        "branch": "tambaram",
        "cuisine": "south_indian",
        "diet:vegetarian": "yes",
        "name": "Namma Veedu Vasantha Bhavan",
        "website": "https://www.vasantabhavan.in/"
      },
      "geometry": {
        "type": "Point",
        "coordinates": [
          80.1175122,
          12.9274362
        ]
      },
      "id": "node/13969513463"
    },
    {
      "type": "Feature",
      "properties": {
        "@id": "node/13976480025",
        "air_conditioning": "no",
        "amenity": "cafe",
        "cuisine": "indian;fries;noodle;chaats",
        "internet_access": "no",
        "level": "0",
        "name": "Irani Chai Hut",
        "outdoor_seating": "yes",
        "takeaway": "yes"
      },
      "geometry": {
        "type": "Point",
        "coordinates": [
          80.138746,
          12.9364385
        ]
      },
      "id": "node/13976480025"
    },
    {
      "type": "Feature",
      "properties": {
        "@id": "node/13976480027",
        "addr:city": "chennai",
        "addr:district": "Chengalpattu",
        "addr:housenumber": "1",
        "addr:postcode": "600064",
        "addr:street": "Chitapakkam 3rd Main Road",
        "amenity": "restaurant",
        "cuisine": "indian;south_indian;chinese",
        "diet:vegetarian": "yes",
        "level": "0",
        "name": "Sri Vaishnavi's Chapati",
        "takeaway": "yes"
      },
      "geometry": {
        "type": "Point",
        "coordinates": [
          80.1387874,
          12.9364844
        ]
      },
      "id": "node/13976480027"
    },
    {
      "type": "Feature",
      "properties": {
        "@id": "node/13977697506",
        "amenity": "restaurant",
        "cuisine": "chinese",
        "name": "Chinese Wok"
      },
      "geometry": {
        "type": "Point",
        "coordinates": [
          80.1506588,
          13.1238282
        ]
      },
      "id": "node/13977697506"
    },
    {
      "type": "Feature",
      "properties": {
        "@id": "node/13988435676",
        "amenity": "restaurant",
        "name": "Sathya Food"
      },
      "geometry": {
        "type": "Point",
        "coordinates": [
          80.2024068,
          13.0851133
        ]
      },
      "id": "node/13988435676"
    },
    {
      "type": "Feature",
      "properties": {
        "@id": "node/13988479496",
        "amenity": "cafe",
        "name": "Madras Coffee House"
      },
      "geometry": {
        "type": "Point",
        "coordinates": [
          80.2023842,
          13.0851212
        ]
      },
      "id": "node/13988479496"
    },
    {
      "type": "Feature",
      "properties": {
        "@id": "node/13991299751",
        "amenity": "restaurant",
        "diet:non-vegetarian": "yes",
        "diet:vegetarian": "yes",
        "name": "Pro Carb Nutritional Restaurant",
        "opening_hours": "Mo-Su 11:00-22:30"
      },
      "geometry": {
        "type": "Point",
        "coordinates": [
          80.1333463,
          12.93853
        ]
      },
      "id": "node/13991299751"
    },
    {
      "type": "Feature",
      "properties": {
        "@id": "node/13996678604",
        "addr:street": "Arunachalam Street",
        "amenity": "restaurant",
        "check_date": "2026-07-08",
        "name": "New Suprabha Hotel"
      },
      "geometry": {
        "type": "Point",
        "coordinates": [
          80.2317143,
          13.0697091
        ]
      },
      "id": "node/13996678604"
    },
    {
      "type": "Feature",
      "properties": {
        "@id": "node/14004437607",
        "amenity": "restaurant",
        "cuisine": "indian",
        "diet:non-vegetarian": "yes",
        "diet:vegetarian": "yes",
        "name": "Mr & Mrs Restaurant"
      },
      "geometry": {
        "type": "Point",
        "coordinates": [
          80.1614226,
          12.9542802
        ]
      },
      "id": "node/14004437607"
    },
    {
      "type": "Feature",
      "properties": {
        "@id": "node/14004672652",
        "addr:city": "Thiruvanmiyur,Chennai",
        "addr:district": "Chennai",
        "addr:housenumber": "123/61 A2, 1st and 2nd floor",
        "addr:postcode": "600041",
        "addr:street": "Lattice Brg Rd, Thiruvanmiyur",
        "amenity": "restaurant",
        "cuisine": "arab;mandi",
        "diet:halal": "yes",
        "name": "Bait Al Mandi"
      },
      "geometry": {
        "type": "Point",
        "coordinates": [
          80.2561261,
          12.9893074
        ]
      },
      "id": "node/14004672652"
    },
    {
      "type": "Feature",
      "properties": {
        "@id": "node/14005877596",
        "amenity": "restaurant",
        "name": "Nasi Kandar Pelita"
      },
      "geometry": {
        "type": "Point",
        "coordinates": [
          80.2418278,
          13.0399141
        ]
      },
      "id": "node/14005877596"
    },
    {
      "type": "Feature",
      "properties": {
        "@id": "node/14007679972",
        "amenity": "cafe",
        "cuisine": "tea",
        "level": "0",
        "name": "Avenue Cafe",
        "outdoor_seating": "no"
      },
      "geometry": {
        "type": "Point",
        "coordinates": [
          80.1326988,
          12.9381286
        ]
      },
      "id": "node/14007679972"
    },
    {
      "type": "Feature",
      "properties": {
        "@id": "node/14014915912",
        "addr:city": "chennai",
        "addr:housenumber": "10",
        "addr:postcode": "600064",
        "addr:street": "Chitlapakkam 2nd Main Road",
        "amenity": "restaurant",
        "cuisine": "indian",
        "diet:non-vegetarian": "yes",
        "diet:vegetarian": "yes",
        "name": "Rayar Mess"
      },
      "geometry": {
        "type": "Point",
        "coordinates": [
          80.1343251,
          12.9377642
        ]
      },
      "id": "node/14014915912"
    },
    {
      "type": "Feature",
      "properties": {
        "@id": "node/14021254137",
        "addr:city": "chennai",
        "addr:housenumber": "23",
        "addr:postcode": "600064",
        "addr:street": "1st Main Road",
        "amenity": "restaurant",
        "cuisine": "indian;chinese",
        "diet:non-vegetarian": "yes",
        "diet:vegetarian": "yes",
        "level": "0",
        "name": "Pishon Restaurant"
      },
      "geometry": {
        "type": "Point",
        "coordinates": [
          80.1389907,
          12.9373071
        ]
      },
      "id": "node/14021254137"
    },
    {
      "type": "Feature",
      "properties": {
        "@id": "node/14021254147",
        "amenity": "cafe",
        "cuisine": "tea;juice",
        "level": "0",
        "name": "Krishna Snacks",
        "outdoor_seating": "no"
      },
      "geometry": {
        "type": "Point",
        "coordinates": [
          80.1388953,
          12.9375433
        ]
      },
      "id": "node/14021254147"
    },
    {
      "type": "Feature",
      "properties": {
        "@id": "node/14021254149",
        "amenity": "restaurant",
        "cuisine": "indian",
        "diet:non-vegetarian": "yes",
        "name": "Althaf Food Court"
      },
      "geometry": {
        "type": "Point",
        "coordinates": [
          80.1389217,
          12.9374446
        ]
      },
      "id": "node/14021254149"
    },
    {
      "type": "Feature",
      "properties": {
        "@id": "node/14023509245",
        "amenity": "cafe",
        "changing_table": "no",
        "food": "snacks",
        "indoor_seating": "yes",
        "level": "0",
        "name": "Bava's Cafe",
        "takeaway": "yes",
        "toilets:wheelchair": "no",
        "wheelchair": "limited"
      },
      "geometry": {
        "type": "Point",
        "coordinates": [
          80.1380535,
          12.9332916
        ]
      },
      "id": "node/14023509245"
    },
    {
      "type": "Feature",
      "properties": {
        "@id": "node/14023509246",
        "amenity": "cafe",
        "building": "static_caravan",
        "internet_access": "no",
        "level": "0",
        "name": "Paal Tea",
        "outdoor_seating": "no"
      },
      "geometry": {
        "type": "Point",
        "coordinates": [
          80.13309,
          12.922521
        ]
      },
      "id": "node/14023509246"
    },
    {
      "type": "Feature",
      "properties": {
        "@id": "node/14024204712",
        "amenity": "restaurant",
        "cuisine": "indian",
        "diet:vegetarian": "yes",
        "name": "Sri Sai Bhavan"
      },
      "geometry": {
        "type": "Point",
        "coordinates": [
          80.1419575,
          12.9293327
        ]
      },
      "id": "node/14024204712"
    },
    {
      "type": "Feature",
      "properties": {
        "@id": "node/14026837111",
        "air_conditioning": "yes",
        "amenity": "restaurant",
        "brand": "California Burrito",
        "brand:wikidata": "Q124374596",
        "cuisine": "mexican",
        "indoor_seating": "yes",
        "kids_area": "no",
        "name": "California Burrito",
        "outdoor_seating": "no",
        "panoramax": "5dac7c09-df47-4220-8cfc-4910e69e75f7",
        "panoramax:0": "4e2d2621-6b16-46af-be62-0f6482377b05",
        "payment:cards": "yes",
        "payment:cash": "yes",
        "payment:qr_code": "yes",
        "reservation": "recommended",
        "service:electricity": "no",
        "toilets": "yes",
        "wheelchair": "yes"
      },
      "geometry": {
        "type": "Point",
        "coordinates": [
          80.1389764,
          12.949343
        ]
      },
      "id": "node/14026837111"
    },
    {
      "type": "Feature",
      "properties": {
        "@id": "node/14030212522",
        "amenity": "restaurant",
        "brand": "Barbeque Nation",
        "brand:wikidata": "Q4859568",
        "cuisine": "barbecue",
        "name": "Barbeque Nation",
        "website": "https://www.barbequenation.com/restaurants/chennai/chromepet"
      },
      "geometry": {
        "type": "Point",
        "coordinates": [
          80.1309695,
          12.9401312
        ]
      },
      "id": "node/14030212522"
    },
    {
      "type": "Feature",
      "properties": {
        "@id": "node/14040637569",
        "air_conditioning": "yes",
        "amenity": "restaurant",
        "cuisine": "Continental",
        "indoor_seating": "yes",
        "internet_access": "wlan",
        "kids_area": "no",
        "name": "Bread & Brew - Continental",
        "organic": "no",
        "outdoor_seating": "no",
        "panoramax": "240e24e4-21a3-409c-a221-e15cc159f654",
        "panoramax:0": "4c68597c-95a8-4e41-9fd3-91f2eac74ec5",
        "panoramax:1": "46fe4575-f52c-4d96-848f-aa77ef98dc70",
        "panoramax:2": "dd4b6572-b93a-426e-a172-37289faa78bf",
        "panoramax:3": "e0496285-50b3-465b-8d1a-3830b9146afe",
        "panoramax:4": "91b09b40-1a62-496e-b2f3-8253741db677",
        "panoramax:5": "8a1beb11-0138-40b6-9593-58b3c7b4a3c6",
        "panoramax:6": "b2afa85e-3582-4394-9501-b3b1106ddaae",
        "payment:cash": "yes",
        "payment:credit_cards": "yes",
        "payment:debit_cards": "yes",
        "payment:upi": "yes",
        "reservation": "no",
        "service:electricity": "yes",
        "wheelchair": "limited"
      },
      "geometry": {
        "type": "Point",
        "coordinates": [
          80.0456602,
          12.830917
        ]
      },
      "id": "node/14040637569"
    },
    {
      "type": "Feature",
      "properties": {
        "@id": "node/14045012427",
        "amenity": "restaurant",
        "level": "0",
        "name": "The Oasis Kitchen"
      },
      "geometry": {
        "type": "Point",
        "coordinates": [
          80.1348981,
          12.9376437
        ]
      },
      "id": "node/14045012427"
    },
    {
      "type": "Feature",
      "properties": {
        "@id": "node/14045012428",
        "amenity": "cafe",
        "name": "Rahul Tea Stall"
      },
      "geometry": {
        "type": "Point",
        "coordinates": [
          80.1348763,
          12.9376497
        ]
      },
      "id": "node/14045012428"
    },
    {
      "type": "Feature",
      "properties": {
        "@id": "node/14045621284",
        "amenity": "restaurant",
        "name": "Mount Cafe Hot & Chill"
      },
      "geometry": {
        "type": "Point",
        "coordinates": [
          80.212022,
          12.9899664
        ]
      },
      "id": "node/14045621284"
    },
    {
      "type": "Feature",
      "properties": {
        "@id": "node/14045621287",
        "addr:city": "Chennai",
        "addr:housenumber": "1325, LIG II",
        "addr:postcode": "600042",
        "addr:street": "TNHB Main Road",
        "amenity": "restaurant",
        "description": "டிபன் - சாப்பாடு - வெரைட்டி ரைஸ் - பாஸ்ட் புட்\nசைவம் - அசைவம்",
        "name": "Hotel Om Muruga",
        "name:ta": "ஓம் முருகா உணவகம்",
        "phone": "+919840108951"
      },
      "geometry": {
        "type": "Point",
        "coordinates": [
          80.2124001,
          12.9898723
        ]
      },
      "id": "node/14045621287"
    },
    {
      "type": "Feature",
      "properties": {
        "@id": "node/14045621289",
        "addr:city": "Chennai",
        "addr:postcode": "600042",
        "addr:street": "TNHB Main Road",
        "amenity": "restaurant",
        "description": "இட்லி, தோசை, சிறுதானிய தோசை மாவு கிடைக்கும்",
        "name:ta": "அம்மா புட்ஸ்",
        "phone": "+919344896859"
      },
      "geometry": {
        "type": "Point",
        "coordinates": [
          80.212881,
          12.9897339
        ]
      },
      "id": "node/14045621289"
    },
    {
      "type": "Feature",
      "properties": {
        "@id": "node/14045621295",
        "amenity": "cafe",
        "name": "Juicy Park",
        "outdoor_seating": "yes"
      },
      "geometry": {
        "type": "Point",
        "coordinates": [
          80.2136879,
          12.9895581
        ]
      },
      "id": "node/14045621295"
    },
    {
      "type": "Feature",
      "properties": {
        "@id": "node/14045621300",
        "addr:city": "Chennai",
        "addr:housenumber": "R39",
        "addr:postcode": "600042",
        "addr:street": "TNHB Colony 1st Main Road",
        "amenity": "restaurant",
        "name": "Tasty Food Court",
        "name:ta": "டேஸ்டி ஃபுட் கோர்ட்",
        "phone": "+919884534292"
      },
      "geometry": {
        "type": "Point",
        "coordinates": [
          80.2147411,
          12.989344
        ]
      },
      "id": "node/14045621300"
    },
    {
      "type": "Feature",
      "properties": {
        "@id": "node/14045662207",
        "amenity": "restaurant",
        "name": "Vignesh Foods",
        "name:ta": "விக்னேஷ் புட்ஸ்"
      },
      "geometry": {
        "type": "Point",
        "coordinates": [
          80.2153144,
          12.9889194
        ]
      },
      "id": "node/14045662207"
    },
    {
      "type": "Feature",
      "properties": {
        "@id": "node/14045662209",
        "amenity": "cafe",
        "cuisine": "tea",
        "name": "Saravana Tea Stall",
        "name:ta": "சரவணா டீ ஸ்டால்"
      },
      "geometry": {
        "type": "Point",
        "coordinates": [
          80.2154178,
          12.9888776
        ]
      },
      "id": "node/14045662209"
    },
    {
      "type": "Feature",
      "properties": {
        "@id": "node/14045662228",
        "addr:city": "Chennai",
        "addr:housenumber": "14",
        "addr:postcode": "600042",
        "addr:street": "Marudupandi Street",
        "amenity": "restaurant",
        "name": "Nellai Sadha Hotel",
        "name:ta": "நெல்லை சதா உணவகம்"
      },
      "geometry": {
        "type": "Point",
        "coordinates": [
          80.2170981,
          12.9879021
        ]
      },
      "id": "node/14045662228"
    },
    {
      "type": "Feature",
      "properties": {
        "@id": "node/14045662235",
        "amenity": "cafe",
        "name": "Lake View Cafe"
      },
      "geometry": {
        "type": "Point",
        "coordinates": [
          80.2173672,
          12.9878115
        ]
      },
      "id": "node/14045662235"
    },
    {
      "type": "Feature",
      "properties": {
        "@id": "node/14045905051",
        "amenity": "cafe",
        "name": "ஆலடிப்பட்டியான்",
        "name:en": "Aaladipattiyan"
      },
      "geometry": {
        "type": "Point",
        "coordinates": [
          80.2510982,
          12.9267503
        ]
      },
      "id": "node/14045905051"
    },
    {
      "type": "Feature",
      "properties": {
        "@id": "node/14049090151",
        "amenity": "restaurant",
        "name": "The Deck Resto Bar"
      },
      "geometry": {
        "type": "Point",
        "coordinates": [
          80.2394554,
          12.8476073
        ]
      },
      "id": "node/14049090151"
    },
    {
      "type": "Feature",
      "properties": {
        "@id": "node/14049090168",
        "amenity": "restaurant",
        "name": "Bhangra",
        "phone": "+919677283993"
      },
      "geometry": {
        "type": "Point",
        "coordinates": [
          80.2405419,
          12.8471172
        ]
      },
      "id": "node/14049090168"
    },
    {
      "type": "Feature",
      "properties": {
        "@id": "node/14049634671",
        "amenity": "cafe",
        "name": "Writer's Cafe",
        "outdoor_seating": "no"
      },
      "geometry": {
        "type": "Point",
        "coordinates": [
          80.2319724,
          12.9306439
        ]
      },
      "id": "node/14049634671"
    },
    {
      "type": "Feature",
      "properties": {
        "@id": "node/14049823395",
        "amenity": "cafe",
        "cuisine": "ice_cream;tea;coffee_shop;snack",
        "name": "Eat N Good"
      },
      "geometry": {
        "type": "Point",
        "coordinates": [
          80.2141239,
          12.989288
        ]
      },
      "id": "node/14049823395"
    },
    {
      "type": "Feature",
      "properties": {
        "@id": "node/14049890114",
        "amenity": "restaurant",
        "name:ta": "சுபம் ஹோட்டல்"
      },
      "geometry": {
        "type": "Point",
        "coordinates": [
          80.2102919,
          12.9902793
        ]
      },
      "id": "node/14049890114"
    },
    {
      "type": "Feature",
      "properties": {
        "@id": "node/14049890117",
        "amenity": "cafe",
        "name": "Chennai Hot'N'Cool"
      },
      "geometry": {
        "type": "Point",
        "coordinates": [
          80.2099012,
          12.9903952
        ]
      },
      "id": "node/14049890117"
    },
    {
      "type": "Feature",
      "properties": {
        "@id": "node/14051555296",
        "amenity": "cafe",
        "level": "0",
        "name": "New Corner Cafe"
      },
      "geometry": {
        "type": "Point",
        "coordinates": [
          80.1311948,
          12.936449
        ]
      },
      "id": "node/14051555296"
    },
    {
      "type": "Feature",
      "properties": {
        "@id": "node/14051555297",
        "addr:city": "chennai",
        "addr:housenumber": "1",
        "addr:postcode": "600047",
        "addr:street": "Balavinayagar Koil Street",
        "amenity": "restaurant",
        "cuisine": "indian",
        "diet:vegetarian": "yes",
        "indoor_seating": "yes",
        "name": "Sri Balaji Mess",
        "takeaway": "yes"
      },
      "geometry": {
        "type": "Point",
        "coordinates": [
          80.1319677,
          12.9372379
        ]
      },
      "id": "node/14051555297"
    },
    {
      "type": "Feature",
      "properties": {
        "@id": "node/14053624292",
        "amenity": "restaurant",
        "name": "Sangeetha Veg. Restaurant"
      },
      "geometry": {
        "type": "Point",
        "coordinates": [
          80.1762245,
          13.0258709
        ]
      },
      "id": "node/14053624292"
    },
    {
      "type": "Feature",
      "properties": {
        "@id": "node/14056067074",
        "amenity": "restaurant",
        "name": "ஹாஜியார் பிரியாணி",
        "name:en": "Hajiyaar Biriyani"
      },
      "geometry": {
        "type": "Point",
        "coordinates": [
          80.1478026,
          12.9698888
        ]
      },
      "id": "node/14056067074"
    },
    {
      "type": "Feature",
      "properties": {
        "@id": "node/14063677766",
        "amenity": "restaurant",
        "name": "New Pattukottai Kamatchi Mess"
      },
      "geometry": {
        "type": "Point",
        "coordinates": [
          80.218606,
          12.9897729
        ]
      },
      "id": "node/14063677766"
    },
    {
      "type": "Feature",
      "properties": {
        "@id": "node/14063677769",
        "amenity": "cafe",
        "cuisine": "coffee_shop",
        "name": "Madras Coffee House"
      },
      "geometry": {
        "type": "Point",
        "coordinates": [
          80.2189347,
          12.9890441
        ]
      },
      "id": "node/14063677769"
    },
    {
      "type": "Feature",
      "properties": {
        "@id": "node/14064016130",
        "amenity": "cafe",
        "food": "snacks",
        "name": "Cothas Coffee",
        "wheelchair": "no"
      },
      "geometry": {
        "type": "Point",
        "coordinates": [
          80.1938259,
          12.9858116
        ]
      },
      "id": "node/14064016130"
    },
    {
      "type": "Feature",
      "properties": {
        "@id": "node/14064277409",
        "amenity": "restaurant",
        "changing_table": "no",
        "cuisine": "indian",
        "level": "0",
        "name": "Cafe Chennai",
        "takeaway": "yes",
        "wheelchair": "no"
      },
      "geometry": {
        "type": "Point",
        "coordinates": [
          80.1267799,
          12.9270817
        ]
      },
      "id": "node/14064277409"
    },
    {
      "type": "Feature",
      "properties": {
        "@id": "node/14065915991",
        "amenity": "restaurant",
        "name": "Nandhana Palace",
        "name:ta": "நந்தனா பேலஸ்"
      },
      "geometry": {
        "type": "Point",
        "coordinates": [
          80.2175647,
          12.9830986
        ]
      },
      "id": "node/14065915991"
    },
    {
      "type": "Feature",
      "properties": {
        "@id": "node/14065948727",
        "amenity": "restaurant",
        "name:en": "Copper Kitchen",
        "name:ta": "காப்பர் கிச்சன்"
      },
      "geometry": {
        "type": "Point",
        "coordinates": [
          80.2185196,
          12.9793063
        ]
      },
      "id": "node/14065948727"
    },
    {
      "type": "Feature",
      "properties": {
        "@id": "node/14065948732",
        "amenity": "restaurant",
        "name": "Sharief Bhai"
      },
      "geometry": {
        "type": "Point",
        "coordinates": [
          80.2193197,
          12.9774522
        ]
      },
      "id": "node/14065948732"
    },
    {
      "type": "Feature",
      "properties": {
        "@id": "node/14067090605",
        "amenity": "restaurant",
        "name": "Namma Chettinadu Mess",
        "name:ta": "நம்ம செட்டிநாடு மெஸ்"
      },
      "geometry": {
        "type": "Point",
        "coordinates": [
          80.1635686,
          12.9538042
        ]
      },
      "id": "node/14067090605"
    },
    {
      "type": "Feature",
      "properties": {
        "@id": "node/14070196315",
        "amenity": "restaurant",
        "email": "radialroad@sgbpl.in",
        "name": "Sree Gupta Bhavan",
        "name:ta": "ஸ்ரீ குப்தா பவன்",
        "phone": "+919943019939",
        "website": "https://sreeguptabhavan.com/restaurant/radial-road/"
      },
      "geometry": {
        "type": "Point",
        "coordinates": [
          80.1753626,
          12.951383
        ]
      },
      "id": "node/14070196315"
    },
    {
      "type": "Feature",
      "properties": {
        "@id": "node/14074282362",
        "amenity": "restaurant",
        "cuisine": "indian",
        "name": "N.S. Hotel"
      },
      "geometry": {
        "type": "Point",
        "coordinates": [
          80.0457107,
          12.8309572
        ]
      },
      "id": "node/14074282362"
    },
    {
      "type": "Feature",
      "properties": {
        "@id": "node/14080246472",
        "amenity": "restaurant",
        "name": "Ashok Bhavan"
      },
      "geometry": {
        "type": "Point",
        "coordinates": [
          80.1437482,
          12.9418123
        ]
      },
      "id": "node/14080246472"
    },
    {
      "type": "Feature",
      "properties": {
        "@id": "node/14080283075",
        "air_conditioning": "yes",
        "amenity": "restaurant",
        "cuisine": "indian",
        "level": "0",
        "name": "North Chappathies",
        "takeaway": "yes",
        "wheelchair": "no"
      },
      "geometry": {
        "type": "Point",
        "coordinates": [
          80.1497956,
          12.9404295
        ]
      },
      "id": "node/14080283075"
    },
    {
      "type": "Feature",
      "properties": {
        "@id": "node/14082235964",
        "amenity": "restaurant",
        "name": "Amuthagam"
      },
      "geometry": {
        "type": "Point",
        "coordinates": [
          80.0892524,
          12.883414
        ]
      },
      "id": "node/14082235964"
    },
    {
      "type": "Feature",
      "properties": {
        "@id": "node/14085652047",
        "amenity": "restaurant",
        "brand": "Adyar Ananda Bhavan",
        "brand:wikidata": "Q15178238",
        "cuisine": "indian",
        "level": "0",
        "name": "Adyar Ananda Bhavan",
        "shop": "confectionery",
        "takeaway": "yes",
        "wheelchair": "no"
      },
      "geometry": {
        "type": "Point",
        "coordinates": [
          80.1196288,
          12.9242703
        ]
      },
      "id": "node/14085652047"
    },
    {
      "type": "Feature",
      "properties": {
        "@id": "node/14095928501",
        "amenity": "restaurant",
        "level": "0",
        "name": "Shree Sakthi Vinayagar"
      },
      "geometry": {
        "type": "Point",
        "coordinates": [
          80.1312421,
          12.9365151
        ]
      },
      "id": "node/14095928501"
    },
    {
      "type": "Feature",
      "properties": {
        "@id": "node/14098760388",
        "amenity": "restaurant",
        "cuisine": "indian",
        "level": "0",
        "name": "Aruna's Curry House",
        "operator": "private",
        "takeaway": "yes",
        "wheelchair": "no"
      },
      "geometry": {
        "type": "Point",
        "coordinates": [
          80.1172907,
          12.9278928
        ]
      },
      "id": "node/14098760388"
    },
    {
      "type": "Feature",
      "properties": {
        "@id": "node/14098978512",
        "amenity": "restaurant",
        "check_date": "2026-08-16",
        "internet_access": "no",
        "name": "Bhats Hotel",
        "name:en": "Bhats Hotel",
        "name:ta": "பட்ஸ் ஹோட்டல்",
        "payment:cash": "yes",
        "payment:credit_cards": "yes",
        "payment:debit_cards": "yes",
        "wheelchair": "no"
      },
      "geometry": {
        "type": "Point",
        "coordinates": [
          80.1164895,
          12.9262446
        ]
      },
      "id": "node/14098978512"
    },
    {
      "type": "Feature",
      "properties": {
        "@id": "node/14119512130",
        "amenity": "cafe",
        "name": "Sri Krishna Sweets Restaurant"
      },
      "geometry": {
        "type": "Point",
        "coordinates": [
          80.254983,
          13.0394148
        ]
      },
      "id": "node/14119512130"
    },
    {
      "type": "Feature",
      "properties": {
        "@id": "node/14119518427",
        "amenity": "cafe",
        "name": "Eleven Eleven Select"
      },
      "geometry": {
        "type": "Point",
        "coordinates": [
          80.2537457,
          13.0395643
        ]
      },
      "id": "node/14119518427"
    }
  ]
}